insert into APARTAMENTO(num, cod_cat)
values 
(1, 1),
(2, 1),
(3, 1),
(4, 1),
(5, 1),
(6, 1),
(7, 1),
(8, 1),
(9, 1),
(10, 1),
(11, 2),
(12, 2),
(13, 2),
(14, 2),
(15, 2),
(16, 2),
(17, 2),
(18, 2),
(19, 2),
(20, 2),
(21, 3),
(22, 3),
(23, 3),
(24, 3),
(25, 3),
(26, 3),
(27, 3),
(28, 3),
(29, 3),
(30, 3),
(31, 4),
(32, 4),
(33, 4),
(34, 4),
(35, 4),
(36, 4),
(37, 4),
(38, 4),
(39, 4),
(40, 4),
(41, 5),
(42, 5),
(43, 5),
(44, 5),
(45, 5);

insert into HOSPEDE(cod_hosp, dt_nascimento, nome)
values 
(1,'1969-10-7','Edwiges'),
(2,'1964-10-6','Branca Regiao'),
(3,'1947-6-10','Heinz'),
(4,'1958-1-8','Otalicio'),
(5,'1985-10-27','Wesliane'),
(6,'1968-11-14','Maury'),
(7,'1968-3-19','Elian Jose'),
(8,'1976-2-9','Lucieli Francisca'),
(9,'1962-10-1','Roselena Patricia'),
(10,'1958-7-15','Jadiele'),
(11,'1994-10-8','Janari'),
(12,'1966-5-6','Edilanio Rafael'),
(13,'1984-6-22','Jesimar Daniel'),
(14,'1935-2-18','Francinete Marcia'),
(15,'1951-3-15','Ricarda'),
(16,'1999-9-16','Jennyfer'),
(17,'1969-12-18','Franc'),
(18,'1988-2-24','Helen Aline'),
(19,'1965-5-2','Edilso Carlos'),
(20,'1948-2-12','Tanara Amanda'),
(21,'1939-8-6','Raisa'),
(22,'1936-10-2','Thaua'),
(23,'1954-1-5','Miriani Ana'),
(24,'1937-1-5','Andrielle Rank'),
(25,'1945-5-25','Enedite'),
(26,'1957-6-21','Lauriene'),
(27,'1943-11-14','Tairon'),
(28,'1974-9-6','Amarilis Julia'),
(29,'1946-1-24','Brigido Luiz'),
(30,'1964-10-8','Hermelinda'),
(31,'2002-9-18','Ercio Paulo'),
(32,'1989-6-7','Gerlison'),
(33,'1945-1-24','Albeto'),
(34,'1997-1-20','Danusa'),
(35,'1995-4-2','Rejane'),
(36,'1976-3-12','Geneses Francisco'),
(37,'1991-12-22','Jeovanio'),
(38,'1942-11-10','Diocelio'),
(39,'1958-2-8','Aeliton Sexo'),
(40,'1965-11-28','Elisbete Aline'),
(41,'1959-10-10','Marislei'),
(42,'1966-9-20','Roan Sexo'),
(43,'1973-1-24','Adailsom Pedro'),
(44,'1956-12-11','Teilor'),
(45,'1993-6-12','Zilah'),
(46,'1998-6-14','Rozeane Marcia'),
(47,'1957-4-2','Tania'),
(48,'1946-6-26','Dijair'),
(49,'1993-11-27','Sidenir Jose'),
(50,'1964-9-21','Valdimiro Carlos'),
(51,'1952-4-7','Laissa'),
(52,'1964-3-13','Valcira Francisca'),
(53,'1942-3-16','Arineide'),
(54,'1999-7-2','Edinolia'),
(55,'1963-4-3','Abilia Sandra'),
(56,'1989-5-17','Trindade Marcelo'),
(57,'1974-8-1','Isral'),
(58,'1970-5-26','Avani'),
(59,'1974-5-28','Armelino'),
(60,'1971-5-23','Kemelly'),
(61,'1970-5-8','Gislandia Regiao'),
(62,'1956-8-12','Aparecida Lucas'),
(63,'1944-5-18','Loram'),
(64,'1969-12-19','Abda Juliana'),
(65,'1954-11-23','Benvindo'),
(66,'1997-2-17','Vilso'),
(67,'1937-5-13','Micaella'),
(68,'1995-4-25','Lauriele Ana'),
(69,'1939-9-17','Irane Juliana'),
(70,'1988-11-2','Jesse Joao'),
(71,'1942-7-14','Agileu'),
(72,'1957-11-25','Rosevelt'),
(73,'1952-2-4','Maxwell Gabriel'),
(74,'1991-9-13','Paulo'),
(75,'1957-11-6','Francielio'),
(76,'1953-11-5','Anael Francisco'),
(77,'1974-6-20','Izes'),
(78,'1952-9-21','Eligia Juliana'),
(79,'1984-8-12','Vamberto'),
(80,'1946-9-18','Mariene Antonia'),
(81,'1935-6-28','Aquilino'),
(82,'1955-9-6','Jamesson Freq'),
(83,'1943-1-15','Marcolina Regiao'),
(84,'1989-7-17','Zenair'),
(85,'1941-6-18','Ticiano Joao'),
(86,'1964-5-22','Josyane'),
(87,'1936-11-8','Juio Jose'),
(88,'1975-2-15','Tabata Marcia'),
(89,'1993-7-27','Tayara'),
(90,'1995-12-10','Zenair Sandra'),
(91,'1981-10-26','Leildo'),
(92,'1965-1-16','Valeria'),
(93,'1945-11-28','Welisom'),
(94,'1994-8-18','Selson Rafael'),
(95,'1937-8-15','Marioneide Jessica'),
(96,'1983-4-28','Jiliana'),
(97,'1989-5-14','Dirson Joao'),
(98,'1974-6-18','Marileni Amanda'),
(99,'1990-5-9','Stephan'),
(100,'1981-4-18','Tarles'),
(101,'1965-4-28','Rogaciano'),
(102,'1964-11-17','Esli Camila'),
(103,'1941-3-16','Uliane'),
(104,'1998-7-11','Marculino Daniel'),
(105,'1972-4-25','Viane Adriana'),
(106,'2001-4-13','Elcides Luis'),
(107,'1981-5-4','Ivanilda Ana'),
(108,'1955-12-24','Dilma Sexo'),
(109,'1981-12-1','Neilda Adriana'),
(110,'1958-4-25','Hildegard Aline'),
(111,'1992-8-15','Rosilania'),
(112,'1996-8-18','Mali'),
(113,'1941-11-1','Luanne'),
(114,'1979-6-16','Dilson Gabriel'),
(115,'1948-4-13','Rosemir Antonia'),
(116,'1953-10-12','Rosi'),
(117,'1963-5-6','Guiomar Patricia'),
(118,'1948-12-20','Jocicleia Marcia'),
(119,'1976-7-14','Rode Freq'),
(120,'1969-3-19','Jerson'),
(121,'1955-4-21','Herberto Rafael'),
(122,'1973-4-2','Darlon'),
(123,'1974-1-17','Valdevino'),
(124,'1974-4-25','Sibelle Rank'),
(125,'1992-10-3','Apolo'),
(126,'1951-8-23','Milane'),
(127,'1953-2-11','Klivia Aline'),
(128,'1953-8-2','Jandilson Jose'),
(129,'1961-7-24','Suany Fernanda'),
(130,'1985-6-16','Talisson Daniel'),
(131,'1975-6-17','Cirila'),
(132,'1946-3-20','Furtuoso Freq'),
(133,'1952-5-26','Erlando Carlos'),
(134,'1970-1-11','Richarles Sexo'),
(135,'1955-2-7','Helana'),
(136,'1968-3-23','Arian Antonio'),
(137,'1995-8-9','Bartolomel Joao'),
(138,'1975-7-13','Leidiani Freq'),
(139,'1990-7-19','Tadel'),
(140,'1953-1-9','Luceia Sandra'),
(141,'1982-3-4','Julho Bruno'),
(142,'1965-1-9','Silvino'),
(143,'1968-10-23','Lucia Joao'),
(144,'1975-3-21','Ivanil Marcos'),
(145,'1978-1-23','Jasmira'),
(146,'1982-6-14','Deniza'),
(147,'1966-10-14','Venina Francisca'),
(148,'1998-3-26','Danubio Pedro'),
(149,'1968-9-23','Marcelene Ana'),
(150,'1989-1-15','Jacyara'),
(151,'1972-6-10','Evonete Patricia'),
(152,'1948-1-18','Jeni'),
(153,'1951-7-28','Clerio'),
(154,'1967-2-25','Raqueline'),
(155,'1974-11-11','Edivanilson Bruno'),
(156,'2002-8-7','Frabricia'),
(157,'1973-9-5','Neilma Fernanda'),
(158,'1970-12-26','Everilda Fernanda'),
(159,'1947-2-16','Milka'),
(160,'1944-9-9','Warlison Gabriel'),
(161,'1981-4-11','Ciane'),
(162,'1951-6-7','Nikole'),
(163,'1950-6-28','Lucielena'),
(164,'1969-1-15','Rosecleide Fernanda'),
(165,'1972-8-3','Vademir Sexo'),
(166,'1964-1-21','Ovidio'),
(167,'2001-1-17','Leudo'),
(168,'1936-10-3','Joane'),
(169,'1973-9-2','Ademiltom Luis'),
(170,'1971-3-19','Leandro Luiz'),
(171,'1991-8-8','Arineia'),
(172,'1951-9-13','Lis'),
(173,'1999-8-27','Geanne Rank'),
(174,'1988-5-17','Helon'),
(175,'1943-11-13','Cleidivan'),
(176,'1972-6-1','Iraide'),
(177,'1962-6-18','Wildison'),
(178,'1962-1-16','Zelandia'),
(179,'1945-12-17','Eduardo Fernanda'),
(180,'1950-12-15','Cristane'),
(181,'1976-1-10','Alcidia'),
(182,'1972-8-22','Arita'),
(183,'1944-11-1','Elcione'),
(184,'1974-9-23','Gedielson Joao'),
(185,'1985-7-10','Miraci Marcelo'),
(186,'1945-4-3','Layde'),
(187,'2001-2-27','Sirlane'),
(188,'1992-10-17','Lazaro'),
(189,'1947-7-10','Jouse Patricia'),
(190,'1981-7-26','Rozane'),
(191,'1939-10-1','Crista'),
(192,'1981-2-2','Tamilis'),
(193,'1939-11-11','Clever'),
(194,'1940-11-11','Juber Rank'),
(195,'1992-8-12','Eloizio'),
(196,'1999-11-5','Francielma Jessica'),
(197,'1940-12-12','Gabryelle Francisca'),
(198,'1965-12-25','Gibran'),
(199,'1993-5-10','Andrelino Rank'),
(200,'1958-2-18','Josecleide Julia'),
(201,'1986-10-7','Valderino'),
(202,'1975-1-13','Erbenia Sandra'),
(203,'1976-2-9','Jussandra'),
(204,'1949-7-23','Amadeo'),
(205,'1942-6-16','Wilhans'),
(206,'1987-1-22','Cleilson Marcos'),
(207,'2000-11-12','Liciane Aline'),
(208,'1987-4-22','Maico'),
(209,'1999-1-26','Rosi'),
(210,'1943-1-25','Claudenice'),
(211,'1995-9-11','Auta'),
(212,'1973-11-20','Nilciane'),
(213,'1992-7-21','Noely Maria'),
(214,'1979-10-23','Itamires Jessica'),
(215,'1972-8-24','Atirson'),
(216,'2002-5-25','Vanilde Patricia'),
(217,'1988-2-21','Raimunda'),
(218,'2002-5-6','Naya Camila'),
(219,'1978-10-15','Ketylin'),
(220,'1940-8-3','Gilene Sandra'),
(221,'1990-1-3','Glicerio'),
(222,'1963-1-12','Geilda Maria'),
(223,'1941-9-15','Yasmim'),
(224,'1987-9-13','Cledi'),
(225,'1969-9-17','Iloni Patricia'),
(226,'1974-5-6','Francisc Carlos'),
(227,'1938-6-3','Alberta Freq'),
(228,'1971-6-25','Edigleison'),
(229,'1950-12-20','Dylan'),
(230,'1938-7-3','Maiqui Marcos'),
(231,'2002-9-1','Isack Freq'),
(232,'1980-1-8','Denio Antonio'),
(233,'1948-12-23','Roniele Julia'),
(234,'1996-5-9','Rosemari Marcia'),
(235,'1938-9-9','Adalto Bruno'),
(236,'1943-12-3','Dijair Regiao'),
(237,'1974-7-26','Jeovanna'),
(238,'1943-8-10','Leonilia Freq'),
(239,'1971-2-25','Joedna Freq'),
(240,'1988-11-4','Anaildes Leticia'),
(241,'1951-2-2','Melissa Regiao'),
(242,'1945-6-5','Admar Luis'),
(243,'1989-3-19','Jamires'),
(244,'1992-11-28','Aercio Regiao'),
(245,'1971-11-16','Jovaldo'),
(246,'1951-1-18','Tanize Maria'),
(247,'1986-1-15','Lorita'),
(248,'1963-1-26','Scarlett'),
(249,'1997-5-11','Peter Daniel'),
(250,'1969-7-6','Martins'),
(251,'1983-9-13','Uelison'),
(252,'1941-1-10','Alberis Marcelo'),
(253,'1995-7-7','Gelio Marcelo'),
(254,'1994-10-8','Eltom'),
(255,'1967-7-14','Lani'),
(256,'1988-10-3','Enelita'),
(257,'1961-7-18','Moisses'),
(258,'1965-12-21','Jardilina'),
(259,'1941-1-10','Pabolo'),
(260,'1936-12-11','Josielton Rank'),
(261,'1941-7-9','Joser'),
(262,'1941-4-23','Vanderlene'),
(263,'1985-9-24','Neire Rank'),
(264,'1992-11-21','Cesario Marcos'),
(265,'1986-7-12','Francileide Adriana'),
(266,'1992-2-10','Algemiro Gabriel'),
(267,'1949-10-17','Welighton'),
(268,'2000-12-11','Ketlem Antonia'),
(269,'1988-5-28','Aesio Carlos'),
(270,'1941-12-5','Vitalina'),
(271,'1953-8-28','Reynan'),
(272,'1963-1-4','Aliff'),
(273,'1958-10-8','Joseani Maria'),
(274,'1974-9-4','Geraldina'),
(275,'1979-6-4','Marilea Amanda'),
(276,'1952-6-22','Antoio'),
(277,'1941-6-20','Maecio Pedro'),
(278,'1957-2-19','Adeiton Sexo'),
(279,'1936-12-17','Helcio'),
(280,'1980-7-8','Wagne Rafael'),
(281,'1976-3-18','Valdite'),
(282,'1945-7-21','Gesilda'),
(283,'1955-11-11','Nilsom Sexo'),
(284,'1937-11-11','Liriane Freq'),
(285,'1995-11-10','Laires Leticia'),
(286,'1989-11-16','Aldiva'),
(287,'1978-10-5','Beatrz Rank'),
(288,'1961-8-8','Eike'),
(289,'1972-6-9','Cesaria Aline'),
(290,'1979-8-8','Adelir'),
(291,'1985-12-7','Joniel'),
(292,'1989-11-7','Iascara Rank'),
(293,'1950-5-9','Rogero Luis'),
(294,'1947-3-11','Adegilson'),
(295,'1978-12-22','Gilvana'),
(296,'1963-1-5','Grigorio Luis'),
(297,'1991-7-2','Laudelina'),
(298,'1981-7-15','Mileni'),
(299,'1938-4-27','Gardel Marcelo'),
(300,'1984-5-9','Lin Rank'),
(301,'1982-9-24','Adevair'),
(302,'1942-6-25','Florivaldo'),
(303,'1967-5-4','Dacio'),
(304,'1968-1-5','Valdilson Sexo'),
(305,'1979-3-25','Oduvaldo'),
(306,'1994-2-7','Esmerinda Freq'),
(307,'1969-5-28','Elsio'),
(308,'1962-12-10','Genice'),
(309,'1988-11-22','Jorje Carlos'),
(310,'1981-1-13','Danise'),
(311,'1952-9-19','Linda'),
(312,'1942-3-5','Leildo Francisco'),
(313,'1951-6-23','Maick'),
(314,'1982-1-27','Eide Antonia'),
(315,'1994-5-7','Franciane'),
(316,'1951-2-25','Osorio'),
(317,'1969-6-26','Gilherme Pedro'),
(318,'1943-10-6','Zulmar Eduardo'),
(319,'1946-9-28','Ozires'),
(320,'1938-11-25','Davis'),
(321,'1966-11-25','Adriana Joao'),
(322,'1936-1-11','Filipi'),
(323,'1999-11-12','Adeilda Camila'),
(324,'1967-7-5','Francelia'),
(325,'1966-5-26','Elizamara'),
(326,'2001-1-1','Simar'),
(327,'1973-4-9','Italu'),
(328,'1967-10-6','Adiane Maria'),
(329,'1946-4-20','Diogines Daniel'),
(330,'1957-12-20','Weberte Rafael'),
(331,'1942-12-28','Daniela'),
(332,'1970-5-19','Ketele Amanda'),
(333,'1948-4-8','Kely'),
(334,'1954-4-17','Elsiane Julia'),
(335,'1956-2-5','Serafin Luis'),
(336,'1965-4-17','Ellem Maria'),
(337,'1990-1-4','Avila'),
(338,'1985-2-2','Marcielle'),
(339,'1990-5-26','Edriane Ana'),
(340,'1980-10-21','Meirilane Aline'),
(341,'1965-3-11','Dalcilene Marcia'),
(342,'1985-8-27','Aldemi'),
(343,'1975-7-3','Jeane'),
(344,'1969-4-28','Valdemilson Gabriel'),
(345,'1970-12-14','Ediceia Rank'),
(346,'1964-4-12','Arcilia'),
(347,'1976-2-11','Rosevelt Luis'),
(348,'1961-5-19','Lindofo'),
(349,'1982-4-22','Edezio'),
(350,'1941-4-7','Werick'),
(351,'1965-7-14','Gleyse'),
(352,'1962-1-9','Nauan Eduardo'),
(353,'1982-10-8','Petrucio'),
(354,'2001-7-18','Enio Rafael'),
(355,'1944-12-20','Joseni Freq'),
(356,'1973-2-19','Helivelton'),
(357,'1981-8-28','Doralicio Carlos'),
(358,'1966-8-25','Adilza'),
(359,'1971-1-3','Girlane'),
(360,'1977-12-8','Vergilio'),
(361,'1996-5-5','Marjory'),
(362,'2000-9-8','Victo'),
(363,'1983-7-4','Kalita'),
(364,'1955-5-9','Odair Marcelo'),
(365,'1977-9-27','Jeder Carlos'),
(366,'1966-8-16','Mateus'),
(367,'1999-5-2','Wallase Francisco'),
(368,'1945-2-17','Laudi Francisco'),
(369,'1985-6-3','Clademir Carlos'),
(370,'1977-12-19','Agemira'),
(371,'1963-11-10','Daivson'),
(372,'1955-2-9','Mellissa Aline'),
(373,'1979-9-19','Ronaldo'),
(374,'1958-10-28','Lindamar'),
(375,'1939-11-17','Ranolfo Francisco'),
(376,'1976-5-11','Panela'),
(377,'1955-10-7','Nirlei Marcelo'),
(378,'1965-7-15','Eriane'),
(379,'1984-11-23','Magdiel Rank'),
(380,'1999-12-16','Odario Rafael'),
(381,'1963-6-13','Maieli'),
(382,'1990-1-25','Solidade Juliana'),
(383,'1954-8-21','Crispiniana Regiao'),
(384,'1936-8-5','Vtor Eduardo'),
(385,'1960-6-13','Raony'),
(386,'1952-5-28','Ramao'),
(387,'2000-10-17','Lailson'),
(388,'1949-11-21','Ernesta Fernanda'),
(389,'1984-10-21','Isabele'),
(390,'2001-2-15','Danilo'),
(391,'1965-10-5','Wanderlei'),
(392,'1956-8-3','Flozina Fernanda'),
(393,'1992-1-3','Welen'),
(394,'1973-2-6','Fancisco Bruno'),
(395,'2002-10-16','Kaune'),
(396,'1974-11-15','Doglas Lucas'),
(397,'1937-2-8','Sid Gabriel'),
(398,'1972-10-2','Ivanilson'),
(399,'1956-5-23','Onorio Pedro'),
(400,'1998-11-20','Giseuda'),
(401,'1969-2-19','Joenio'),
(402,'1989-4-16','Gabriela Francisca'),
(403,'1935-5-18','Riquele'),
(404,'1988-10-13','Antonio'),
(405,'2001-8-5','Abel Bruno'),
(406,'1990-8-22','Anilde Maria'),
(407,'2001-10-22','Edivaldo'),
(408,'1995-9-23','Jeice'),
(409,'1936-10-20','Laiz'),
(410,'1993-6-8','Martonio'),
(411,'1959-5-27','Ineide'),
(412,'1997-4-26','Kailon Luis'),
(413,'1972-1-14','Glicerio Francisco'),
(414,'1957-6-26','Isao Rafael'),
(415,'1962-12-5','Francinaldo Gabriel'),
(416,'1988-10-16','Celio'),
(417,'1990-12-8','Licia'),
(418,'1970-12-26','Glair'),
(419,'1971-9-7','Augustin'),
(420,'1973-3-10','Rayele Francisca'),
(421,'1989-5-11','Vanderson Freq'),
(422,'1987-5-25','Sintia Maria'),
(423,'1965-10-27','Fraciane'),
(424,'1996-1-23','Taiguara Luis'),
(425,'1949-11-5','Vanisia Francisca'),
(426,'1980-1-8','Dagmar'),
(427,'2000-5-13','Katlen Fernanda'),
(428,'1954-1-5','Josivaldo'),
(429,'1952-5-3','Anthonny'),
(430,'1966-4-7','Varonil Antonio'),
(431,'1972-1-14','Euson'),
(432,'1998-4-5','Jarlon'),
(433,'1968-11-23','Yago'),
(434,'1939-4-28','Ailana Regiao'),
(435,'1991-6-15','Bernard Joao'),
(436,'1994-11-28','Agnaldo Freq'),
(437,'1955-8-19','Eliceia'),
(438,'1965-3-17','Nadio Gabriel'),
(439,'1943-5-27','Wiston'),
(440,'1962-4-22','Ozenir Rank'),
(441,'1997-10-15','Ayumi'),
(442,'1967-2-6','Genezio'),
(443,'1937-3-5','Joselda'),
(444,'1944-9-17','Dijavan Regiao'),
(445,'1957-2-19','Rafaelli Sexo'),
(446,'1991-2-1','Avair Daniel'),
(447,'1970-8-11','Daverson Freq'),
(448,'1964-7-18','Audenir Maria'),
(449,'1951-6-10','Osair Paulo'),
(450,'1984-5-18','Filismina Leticia'),
(451,'1958-5-14','Anunciada Juliana'),
(452,'1999-11-3','Celiene Julia'),
(453,'1965-12-21','Aurelino'),
(454,'1957-8-26','Sefora Marcia'),
(455,'1981-7-28','Maycom'),
(456,'1975-3-21','Silviane'),
(457,'1982-6-23','Marinho'),
(458,'1967-5-3','Jandiara Leticia'),
(459,'1943-8-22','Rozeli'),
(460,'1978-5-7','Adailso Sexo'),
(461,'1951-1-28','Arnold Regiao'),
(462,'1995-10-16','Gilbeto'),
(463,'1968-5-3','Leodete'),
(464,'1937-1-21','Raniela Marcia'),
(465,'1994-9-2','Lucelio Pedro'),
(466,'1961-12-28','Ismeralda'),
(467,'1998-2-26','Sandy Jose'),
(468,'1979-3-26','Pergentino'),
(469,'1949-2-10','Berg'),
(470,'1971-3-2','Yani'),
(471,'1970-4-2','Daiana Regiao'),
(472,'1991-9-6','Dom'),
(473,'1949-2-15','Aleksander Daniel'),
(474,'1953-11-19','Meline'),
(475,'1980-4-19','Natan Luiz'),
(476,'1972-4-6','Zezito Pedro'),
(477,'1966-7-23','Rogeri'),
(478,'1977-8-7','Suzamara'),
(479,'1956-3-20','Katiany'),
(480,'1955-9-8','Rento Paulo'),
(481,'1945-8-1','Ever Gabriel'),
(482,'2000-2-19','Areovaldo'),
(483,'1947-1-9','Agenir Ana'),
(484,'1979-12-20','Delair'),
(485,'1944-3-20','Geana Camila'),
(486,'1992-2-6','Lucas'),
(487,'1993-4-20','Cleyton'),
(488,'1960-3-2','Marcius Marcelo'),
(489,'1995-12-3','Edem Paulo'),
(490,'1995-9-15','Edvilson Rank'),
(491,'1940-8-9','Ivaldete'),
(492,'1963-7-25','Olir Luis'),
(493,'1974-11-13','Ildeci Freq'),
(494,'1967-12-6','Rhana Regiao'),
(495,'1986-2-2','Jovelino Pedro'),
(496,'1975-7-1','Cesilia'),
(497,'1941-7-4','Chana Adriana'),
(498,'1946-3-2','Taison Paulo'),
(499,'1978-10-3','Janifer'),
(500,'1973-6-13','Dorcas');

insert into FUNCIONARIO(cod_func, salario, dt_nascimento, nome)
values 
(1, 3025,'1938-1-12','Gracielle Rank'),
(2, 2869,'1998-12-2','Ildevan Marcos'),
(3, 1651,'1936-8-22','Jervasio'),
(4, 2882,'1988-6-1','Deval Antonio'),
(5, 6403,'1983-11-22','Isla Luis'),
(6, 7431,'2000-7-17','Francilane'),
(7, 5785,'1963-12-13','Albenir Regiao'),
(8, 2794,'1942-8-10','Edenilde Regiao'),
(9, 1735,'1953-10-1','Elieusa'),
(10, 4589,'1958-5-25','Keiliane'),
(11, 2575,'1983-1-5','Carlota'),
(12, 6505,'1951-7-18','Taluana Rank'),
(13, 2772,'1948-4-2','Gildario'),
(14, 6219,'1960-8-8','Ivine'),
(15, 5302,'1989-4-18','Tayrone Carlos'),
(16, 4132,'1939-8-9','Leiton'),
(17, 4815,'1951-6-1','Ivonete'),
(18, 5579,'1965-6-12','Franciane Jessica'),
(19, 5810,'1945-12-14','Alecsandra'),
(20, 3660,'1965-5-25','Maksuel Luiz'),
(21, 5848,'1956-3-10','Feliciana'),
(22, 5900,'1974-11-3','Merian Adriana'),
(23, 5618,'1974-8-21','Oldair Marcos'),
(24, 6189,'1989-12-1','Willyam'),
(25, 7983,'1966-5-16','Uilza Leticia'),
(26, 3366,'1957-1-11','Clay Marcelo'),
(27, 5468,'1967-12-14','Adevair Pedro'),
(28, 3908,'1987-10-22','Lenivalda'),
(29, 1695,'1986-2-22','Genesia'),
(30, 6291,'1998-12-17','Jesimar Paulo');

insert into RESERVA(cod_RESERVA, cod_func, cod_hosp, num, dt_prev_entrada, dt_prev_saida)
values 
(1, 4, 453, 30, '2019-01-21', '2019-01-31'),
(2, 15, 81, 31, '2018-03-20', '2018-04-16'),
(3, 28, 168, 38, '2018-03-27', '2018-04-02'),
(4, 16, 182, 2, '2018-11-02', '2018-11-16'),
(5, 21, 33, 24, '2018-06-13', '2018-07-09'),
(6, 9, 474, 29, '2018-04-07', '2018-04-19'),
(7, 22, 140, 13, '2018-12-06', '2019-01-06'),
(8, 14, 13, 23, '2019-04-16', '2019-05-17'),
(9, 19, 6, 8, '2019-02-15', '2019-03-20'),
(10, 30, 199, 29, '2019-01-28', '2019-02-12'),
(11, 20, 220, 43, '2019-12-20', '2020-01-13'),
(12, 12, 144, 7, '2018-01-19', '2018-02-07'),
(13, 15, 328, 18, '2018-03-18', '2018-04-15'),
(14, 9, 434, 30, '2019-03-07', '2019-04-05'),
(15, 26, 19, 42, '2018-01-11', '2018-02-03'),
(16, 26, 409, 41, '2018-08-15', '2018-09-13'),
(17, 20, 276, 34, '2019-11-20', '2019-11-24'),
(18, 10, 323, 24, '2018-03-02', '2018-03-16'),
(19, 18, 183, 18, '2018-02-27', '2018-03-04'),
(20, 22, 1, 40, '2018-07-16', '2018-07-20'),
(21, 23, 449, 30, '2019-11-02', '2019-11-15'),
(22, 5, 185, 39, '2019-07-05', '2019-07-18'),
(23, 27, 57, 32, '2019-03-01', '2019-04-01'),
(24, 21, 371, 10, '2019-03-20', '2019-04-13'),
(25, 15, 163, 18, '2018-05-05', '2018-06-08'),
(26, 12, 195, 1, '2018-10-02', '2018-10-21'),
(27, 6, 130, 9, '2019-06-19', '2019-07-21'),
(28, 5, 119, 17, '2018-05-05', '2018-06-12'),
(29, 28, 242, 37, '2019-08-10', '2019-08-19'),
(30, 25, 263, 27, '2018-10-26', '2018-11-10'),
(31, 17, 203, 3, '2018-02-01', '2018-03-07'),
(32, 25, 312, 38, '2019-02-08', '2019-02-28'),
(33, 10, 340, 36, '2019-07-17', '2019-08-14'),
(34, 28, 231, 8, '2019-01-09', '2019-01-28'),
(35, 21, 133, 14, '2019-01-17', '2019-01-21'),
(36, 23, 478, 36, '2019-04-08', '2019-04-09'),
(37, 13, 342, 11, '2018-05-21', '2018-06-24'),
(38, 18, 299, 11, '2018-05-13', '2018-05-31'),
(39, 8, 497, 23, '2019-10-10', '2019-11-16'),
(40, 7, 194, 34, '2019-06-23', '2019-07-11'),
(41, 4, 168, 33, '2018-01-14', '2018-01-26'),
(42, 14, 129, 38, '2018-06-21', '2018-07-13'),
(43, 2, 274, 27, '2018-04-26', '2018-05-18'),
(44, 16, 69, 3, '2019-12-20', '2020-01-18'),
(45, 1, 384, 5, '2018-02-18', '2018-03-01'),
(46, 26, 423, 20, '2019-02-04', '2019-02-27'),
(47, 23, 423, 30, '2019-01-16', '2019-02-06'),
(48, 24, 252, 29, '2019-01-03', '2019-02-03'),
(49, 29, 274, 9, '2018-11-08', '2018-11-09'),
(50, 17, 394, 36, '2019-05-12', '2019-05-15'),
(51, 15, 325, 44, '2019-06-19', '2019-07-12'),
(52, 15, 335, 17, '2019-10-20', '2019-11-29'),
(53, 14, 227, 39, '2018-05-22', '2018-06-27'),
(54, 17, 24, 44, '2019-07-11', '2019-07-14'),
(55, 9, 292, 26, '2019-02-17', '2019-02-18'),
(56, 8, 59, 26, '2018-12-17', '2018-12-19'),
(57, 21, 381, 26, '2019-03-12', '2019-04-20'),
(58, 25, 327, 27, '2019-06-12', '2019-07-06'),
(59, 6, 454, 42, '2019-05-18', '2019-06-08'),
(60, 23, 69, 36, '2019-12-12', '2019-12-19'),
(61, 1, 31, 25, '2019-06-14', '2019-06-24'),
(62, 13, 7, 36, '2018-04-24', '2018-06-01'),
(63, 24, 285, 39, '2018-09-03', '2018-10-07'),
(64, 13, 242, 45, '2018-08-28', '2018-09-28'),
(65, 27, 214, 19, '2018-12-11', '2019-01-03'),
(66, 27, 30, 41, '2018-12-16', '2018-12-25'),
(67, 6, 350, 39, '2018-11-14', '2018-12-01'),
(68, 21, 451, 9, '2019-05-13', '2019-06-21'),
(69, 19, 93, 1, '2018-01-01', '2018-01-14'),
(70, 26, 139, 4, '2018-04-25', '2018-04-26'),
(71, 28, 304, 27, '2018-08-03', '2018-08-31'),
(72, 30, 288, 43, '2018-09-04', '2018-09-19'),
(73, 14, 265, 2, '2018-05-07', '2018-05-12'),
(74, 24, 309, 13, '2018-02-26', '2018-03-22'),
(75, 14, 373, 4, '2018-04-09', '2018-04-24'),
(76, 4, 499, 21, '2018-03-18', '2018-04-08'),
(77, 12, 497, 8, '2018-01-02', '2018-02-08'),
(78, 20, 320, 6, '2018-07-11', '2018-08-19'),
(79, 30, 204, 18, '2019-11-04', '2019-12-12'),
(80, 25, 55, 9, '2018-04-08', '2018-04-19'),
(81, 23, 390, 14, '2018-10-04', '2018-11-03'),
(82, 3, 245, 21, '2019-12-24', '2020-01-15'),
(83, 15, 409, 29, '2019-05-26', '2019-06-22'),
(84, 15, 213, 12, '2019-09-22', '2019-10-15'),
(85, 24, 57, 1, '2018-11-18', '2018-12-10'),
(86, 10, 433, 14, '2019-08-05', '2019-08-08'),
(87, 11, 419, 43, '2019-09-18', '2019-10-02'),
(88, 12, 64, 12, '2019-12-10', '2019-12-19'),
(89, 22, 159, 7, '2018-02-26', '2018-03-14'),
(90, 25, 413, 45, '2019-11-13', '2019-12-03'),
(91, 24, 22, 41, '2019-08-07', '2019-09-11'),
(92, 7, 215, 40, '2018-06-04', '2018-06-16'),
(93, 22, 432, 24, '2018-01-11', '2018-02-02'),
(94, 18, 61, 21, '2018-06-07', '2018-07-05'),
(95, 4, 59, 40, '2018-09-13', '2018-10-12'),
(96, 10, 263, 31, '2018-05-08', '2018-05-23'),
(97, 20, 254, 29, '2018-02-20', '2018-03-24'),
(98, 24, 161, 26, '2019-07-05', '2019-07-31'),
(99, 8, 344, 20, '2018-12-17', '2019-01-18'),
(100, 8, 314, 3, '2018-03-19', '2018-04-18'),
(101, 24, 492, 42, '2019-11-28', '2020-01-04'),
(102, 25, 458, 23, '2019-06-18', '2019-07-03'),
(103, 4, 160, 2, '2019-12-02', '2019-12-31'),
(104, 14, 460, 35, '2018-04-10', '2018-04-27'),
(105, 18, 154, 43, '2019-06-24', '2019-07-04'),
(106, 3, 350, 33, '2018-11-10', '2018-11-16'),
(107, 7, 421, 42, '2018-02-26', '2018-04-03'),
(108, 28, 440, 29, '2019-06-05', '2019-06-23'),
(109, 24, 81, 13, '2018-01-18', '2018-01-19'),
(110, 10, 319, 19, '2018-05-24', '2018-06-03'),
(111, 11, 27, 29, '2018-02-19', '2018-03-12'),
(112, 30, 293, 35, '2018-12-08', '2018-12-24'),
(113, 7, 359, 44, '2018-08-07', '2018-08-10'),
(114, 19, 30, 28, '2019-10-01', '2019-11-03'),
(115, 24, 246, 30, '2018-11-20', '2018-12-15'),
(116, 27, 227, 2, '2019-01-19', '2019-02-04'),
(117, 4, 275, 11, '2019-12-06', '2020-01-07'),
(118, 27, 190, 43, '2018-09-20', '2018-10-26'),
(119, 3, 27, 8, '2019-11-15', '2019-12-02'),
(120, 7, 231, 4, '2018-02-07', '2018-02-20'),
(121, 26, 465, 36, '2018-03-16', '2018-04-17'),
(122, 14, 95, 3, '2019-11-11', '2019-11-30'),
(123, 8, 355, 11, '2019-02-09', '2019-03-04'),
(124, 3, 39, 39, '2018-09-27', '2018-10-08'),
(125, 13, 428, 12, '2018-01-02', '2018-01-25'),
(126, 7, 271, 33, '2018-06-17', '2018-07-10'),
(127, 23, 440, 27, '2018-08-27', '2018-09-19'),
(128, 16, 181, 35, '2019-04-01', '2019-04-07'),
(129, 21, 446, 3, '2018-06-09', '2018-06-25'),
(130, 25, 192, 23, '2018-08-09', '2018-08-29'),
(131, 13, 77, 16, '2019-08-28', '2019-09-10'),
(132, 8, 179, 41, '2019-04-12', '2019-04-28'),
(133, 28, 165, 16, '2019-07-23', '2019-08-11'),
(134, 4, 455, 35, '2018-05-03', '2018-06-02'),
(135, 18, 128, 24, '2019-08-16', '2019-09-06'),
(136, 2, 352, 45, '2018-02-28', '2018-03-23'),
(137, 16, 346, 20, '2019-07-24', '2019-07-31'),
(138, 29, 143, 10, '2018-10-19', '2018-10-25'),
(139, 3, 48, 44, '2018-07-02', '2018-07-17'),
(140, 15, 199, 19, '2018-01-12', '2018-02-03'),
(141, 6, 138, 18, '2018-10-17', '2018-11-13'),
(142, 25, 444, 11, '2019-02-05', '2019-03-05'),
(143, 22, 454, 4, '2018-03-03', '2018-03-12'),
(144, 11, 96, 11, '2019-06-25', '2019-07-22'),
(145, 27, 388, 20, '2018-04-03', '2018-04-10'),
(146, 4, 270, 26, '2018-01-07', '2018-01-27'),
(147, 10, 469, 13, '2018-08-17', '2018-08-28'),
(148, 2, 264, 22, '2019-11-16', '2019-12-02'),
(149, 29, 33, 13, '2019-03-13', '2019-03-31'),
(150, 15, 342, 1, '2019-09-28', '2019-10-29'),
(151, 6, 258, 19, '2018-07-08', '2018-07-26'),
(152, 25, 147, 28, '2018-10-15', '2018-11-13'),
(153, 16, 2, 8, '2018-08-16', '2018-09-13'),
(154, 28, 425, 25, '2019-03-24', '2019-04-10'),
(155, 15, 89, 2, '2019-01-18', '2019-02-17'),
(156, 24, 284, 14, '2019-03-05', '2019-03-09'),
(157, 17, 402, 40, '2019-12-24', '2020-01-26'),
(158, 3, 392, 41, '2018-08-19', '2018-08-24'),
(159, 26, 322, 38, '2019-10-15', '2019-10-18'),
(160, 22, 20, 12, '2019-02-07', '2019-03-15'),
(161, 29, 121, 2, '2018-07-27', '2018-08-31'),
(162, 20, 12, 8, '2018-10-08', '2018-10-10'),
(163, 19, 256, 27, '2018-12-07', '2018-12-13'),
(164, 21, 331, 16, '2018-12-21', '2019-01-27'),
(165, 16, 149, 11, '2018-08-21', '2018-09-08'),
(166, 3, 197, 13, '2018-10-14', '2018-10-17'),
(167, 9, 36, 22, '2019-11-07', '2019-11-23'),
(168, 2, 381, 14, '2019-07-04', '2019-07-29'),
(169, 26, 304, 6, '2018-12-21', '2019-01-13'),
(170, 12, 385, 40, '2019-02-25', '2019-02-28'),
(171, 21, 220, 27, '2019-06-03', '2019-06-09'),
(172, 17, 301, 31, '2018-04-21', '2018-05-25'),
(173, 23, 283, 37, '2019-07-19', '2019-07-27'),
(174, 15, 424, 43, '2018-06-05', '2018-06-13'),
(175, 17, 3, 9, '2019-04-08', '2019-05-17'),
(176, 28, 146, 9, '2018-11-09', '2018-11-20'),
(177, 23, 158, 25, '2018-03-01', '2018-03-26'),
(178, 26, 338, 45, '2019-09-23', '2019-10-28'),
(179, 28, 228, 26, '2018-04-23', '2018-05-01'),
(180, 20, 51, 24, '2018-07-11', '2018-07-12'),
(181, 10, 419, 28, '2018-04-01', '2018-05-07'),
(182, 25, 441, 6, '2019-09-04', '2019-10-04'),
(183, 19, 355, 32, '2019-03-23', '2019-04-15'),
(184, 2, 18, 16, '2018-11-12', '2018-12-09'),
(185, 10, 456, 26, '2019-07-26', '2019-08-21'),
(186, 13, 485, 29, '2018-01-05', '2018-02-12'),
(187, 20, 78, 12, '2018-06-05', '2018-06-15'),
(188, 29, 228, 29, '2019-04-17', '2019-05-07'),
(189, 26, 184, 12, '2018-08-07', '2018-08-13'),
(190, 4, 498, 24, '2018-01-26', '2018-03-04'),
(191, 24, 102, 45, '2018-02-27', '2018-03-13'),
(192, 16, 162, 31, '2019-06-20', '2019-07-11'),
(193, 3, 323, 40, '2019-04-20', '2019-04-23'),
(194, 9, 373, 2, '2018-02-22', '2018-03-19'),
(195, 18, 59, 28, '2018-03-06', '2018-03-16'),
(196, 18, 75, 45, '2019-11-23', '2019-12-13'),
(197, 1, 365, 25, '2019-06-12', '2019-07-09'),
(198, 5, 483, 45, '2019-03-27', '2019-04-16'),
(199, 12, 390, 12, '2018-11-20', '2018-12-26'),
(200, 29, 179, 42, '2019-10-03', '2019-10-30'),
(201, 1, 238, 2, '2019-08-05', '2019-09-01'),
(202, 26, 131, 36, '2018-07-13', '2018-07-29'),
(203, 13, 287, 36, '2019-08-02', '2019-09-08'),
(204, 21, 498, 2, '2019-12-14', '2020-01-05'),
(205, 4, 190, 32, '2018-07-27', '2018-08-30'),
(206, 8, 106, 22, '2018-03-05', '2018-03-20'),
(207, 27, 317, 38, '2018-05-27', '2018-05-29'),
(208, 27, 414, 11, '2018-08-01', '2018-09-05'),
(209, 8, 408, 40, '2018-12-19', '2019-01-10'),
(210, 24, 152, 45, '2019-06-23', '2019-07-28'),
(211, 16, 176, 9, '2019-10-07', '2019-11-13'),
(212, 28, 321, 42, '2018-10-16', '2018-10-30'),
(213, 5, 228, 2, '2019-03-08', '2019-04-09'),
(214, 5, 382, 32, '2018-10-25', '2018-11-18'),
(215, 28, 411, 2, '2018-01-16', '2018-02-23'),
(216, 20, 105, 8, '2019-11-07', '2019-11-09'),
(217, 8, 441, 25, '2018-05-06', '2018-05-18'),
(218, 30, 415, 22, '2018-11-04', '2018-11-22'),
(219, 29, 453, 44, '2019-08-10', '2019-09-07'),
(220, 7, 184, 40, '2019-12-07', '2020-01-05'),
(221, 28, 169, 43, '2018-03-20', '2018-04-10'),
(222, 15, 129, 3, '2019-04-17', '2019-05-19'),
(223, 24, 274, 40, '2019-08-20', '2019-08-22'),
(224, 20, 321, 6, '2018-07-16', '2018-08-11'),
(225, 26, 17, 40, '2018-07-03', '2018-07-20'),
(226, 13, 229, 18, '2019-03-01', '2019-04-01'),
(227, 11, 352, 34, '2019-03-02', '2019-04-07'),
(228, 30, 252, 21, '2018-09-07', '2018-09-28'),
(229, 30, 63, 7, '2018-03-23', '2018-03-26'),
(230, 21, 403, 14, '2019-09-09', '2019-09-12'),
(231, 26, 371, 4, '2018-09-11', '2018-10-21'),
(232, 29, 103, 21, '2019-10-02', '2019-10-11'),
(233, 10, 495, 22, '2019-08-18', '2019-09-23'),
(234, 7, 301, 30, '2018-08-08', '2018-08-31'),
(235, 30, 470, 18, '2018-09-12', '2018-09-21'),
(236, 29, 184, 35, '2019-02-26', '2019-04-07'),
(237, 26, 169, 44, '2018-12-05', '2019-01-12'),
(238, 7, 135, 13, '2019-10-16', '2019-11-03'),
(239, 10, 191, 42, '2018-02-02', '2018-02-03'),
(240, 29, 138, 23, '2018-08-15', '2018-09-02'),
(241, 7, 44, 33, '2019-04-11', '2019-04-27'),
(242, 14, 440, 2, '2019-03-10', '2019-03-26'),
(243, 21, 174, 10, '2018-01-05', '2018-01-27'),
(244, 11, 315, 18, '2018-04-16', '2018-05-19'),
(245, 2, 4, 23, '2018-04-06', '2018-04-08'),
(246, 13, 466, 30, '2018-12-02', '2018-12-10'),
(247, 3, 118, 34, '2019-12-01', '2020-01-08'),
(248, 19, 317, 36, '2018-04-27', '2018-05-26'),
(249, 30, 2, 22, '2019-06-14', '2019-07-22'),
(250, 23, 176, 3, '2018-05-11', '2018-05-26'),
(251, 11, 435, 20, '2018-06-13', '2018-07-23'),
(252, 20, 174, 11, '2019-10-04', '2019-10-11'),
(253, 6, 58, 9, '2018-03-10', '2018-03-20'),
(254, 11, 117, 36, '2018-11-01', '2018-12-09'),
(255, 8, 297, 39, '2019-01-08', '2019-01-15'),
(256, 9, 141, 28, '2018-07-26', '2018-08-18'),
(257, 29, 282, 25, '2018-01-19', '2018-02-01'),
(258, 24, 253, 24, '2019-03-11', '2019-03-21'),
(259, 8, 101, 25, '2018-03-10', '2018-04-16'),
(260, 5, 287, 16, '2018-06-23', '2018-07-30'),
(261, 13, 457, 16, '2019-07-06', '2019-08-04'),
(262, 16, 211, 26, '2018-01-01', '2018-02-04'),
(263, 2, 17, 42, '2019-07-11', '2019-08-06'),
(264, 8, 292, 19, '2018-09-22', '2018-09-26'),
(265, 19, 51, 16, '2018-06-22', '2018-07-01'),
(266, 1, 172, 44, '2019-01-08', '2019-01-21'),
(267, 18, 371, 14, '2018-09-09', '2018-10-15'),
(268, 28, 132, 45, '2018-04-16', '2018-04-29'),
(269, 28, 288, 33, '2019-08-10', '2019-08-18'),
(270, 14, 62, 6, '2018-12-06', '2018-12-07'),
(271, 24, 499, 32, '2018-03-01', '2018-03-10'),
(272, 1, 182, 29, '2018-09-05', '2018-09-11'),
(273, 27, 189, 20, '2019-02-09', '2019-03-05'),
(274, 22, 448, 3, '2019-04-03', '2019-05-09'),
(275, 29, 102, 39, '2019-07-01', '2019-07-19'),
(276, 4, 399, 20, '2018-10-10', '2018-10-16'),
(277, 25, 229, 18, '2019-03-22', '2019-04-03'),
(278, 13, 92, 27, '2018-12-13', '2019-01-06'),
(279, 25, 432, 21, '2018-07-03', '2018-08-10'),
(280, 24, 255, 9, '2018-01-11', '2018-01-13'),
(281, 7, 415, 31, '2019-12-27', '2020-01-15'),
(282, 29, 363, 8, '2018-03-25', '2018-05-01'),
(283, 22, 334, 32, '2019-04-13', '2019-05-08'),
(284, 30, 22, 41, '2018-03-23', '2018-04-05'),
(285, 14, 425, 23, '2019-07-08', '2019-08-16'),
(286, 26, 454, 4, '2019-02-21', '2019-04-01'),
(287, 3, 310, 5, '2019-04-11', '2019-05-15'),
(288, 29, 27, 4, '2018-02-28', '2018-03-14'),
(289, 1, 238, 32, '2018-09-12', '2018-09-14'),
(290, 16, 250, 30, '2019-04-21', '2019-04-23'),
(291, 5, 413, 34, '2018-08-16', '2018-08-22'),
(292, 14, 123, 19, '2019-08-09', '2019-08-18'),
(293, 26, 391, 21, '2019-05-28', '2019-06-17'),
(294, 11, 405, 42, '2019-11-13', '2019-12-10'),
(295, 1, 452, 3, '2019-04-19', '2019-05-24'),
(296, 26, 288, 5, '2019-01-12', '2019-01-28'),
(297, 23, 34, 16, '2018-04-05', '2018-04-06'),
(298, 30, 258, 45, '2019-09-21', '2019-10-19'),
(299, 15, 55, 41, '2018-01-28', '2018-02-21'),
(300, 15, 278, 13, '2018-09-12', '2018-10-08'),
(301, 7, 58, 2, '2018-03-08', '2018-04-13'),
(302, 4, 373, 35, '2019-07-09', '2019-08-15'),
(303, 17, 326, 18, '2019-05-21', '2019-05-29'),
(304, 30, 251, 22, '2018-10-16', '2018-11-21'),
(305, 13, 283, 33, '2018-11-15', '2018-11-30'),
(306, 18, 435, 5, '2019-06-24', '2019-07-24'),
(307, 12, 334, 32, '2019-02-04', '2019-02-17'),
(308, 25, 390, 36, '2018-11-27', '2018-12-16'),
(309, 15, 32, 16, '2019-11-03', '2019-12-05'),
(310, 23, 316, 11, '2019-01-22', '2019-02-02'),
(311, 6, 95, 22, '2019-08-24', '2019-09-24'),
(312, 22, 13, 14, '2019-05-03', '2019-06-10'),
(313, 22, 13, 14, '2019-10-19', '2019-11-20'),
(314, 26, 449, 22, '2019-09-05', '2019-10-09'),
(315, 26, 454, 7, '2018-03-17', '2018-04-21'),
(316, 5, 232, 10, '2018-06-25', '2018-07-14'),
(317, 21, 67, 24, '2019-01-10', '2019-01-17'),
(318, 25, 211, 18, '2019-03-12', '2019-04-02'),
(319, 15, 31, 12, '2019-03-12', '2019-03-21'),
(320, 15, 67, 12, '2018-02-13', '2018-03-24'),
(321, 28, 318, 41, '2018-04-01', '2018-04-05'),
(322, 17, 58, 35, '2019-02-17', '2019-03-29'),
(323, 3, 433, 31, '2019-12-25', '2020-01-09'),
(324, 9, 416, 6, '2018-09-17', '2018-10-22'),
(325, 5, 205, 33, '2019-01-16', '2019-01-31'),
(326, 26, 136, 12, '2018-03-09', '2018-03-22'),
(327, 15, 80, 44, '2018-05-12', '2018-06-13'),
(328, 21, 97, 36, '2018-05-24', '2018-06-01'),
(329, 8, 394, 19, '2019-10-18', '2019-10-19'),
(330, 11, 49, 24, '2019-08-19', '2019-09-22'),
(331, 20, 76, 34, '2018-01-10', '2018-02-12'),
(332, 29, 346, 17, '2018-11-08', '2018-11-12'),
(333, 5, 172, 5, '2018-12-03', '2018-12-21'),
(334, 8, 412, 32, '2018-04-15', '2018-05-01'),
(335, 19, 21, 3, '2018-06-03', '2018-07-04'),
(336, 27, 337, 7, '2019-07-27', '2019-08-05'),
(337, 24, 80, 7, '2018-01-27', '2018-03-05'),
(338, 22, 456, 23, '2018-07-20', '2018-08-10'),
(339, 15, 441, 35, '2019-06-07', '2019-06-08'),
(340, 5, 157, 43, '2019-10-14', '2019-10-26'),
(341, 15, 422, 44, '2018-11-12', '2018-11-27'),
(342, 3, 110, 37, '2019-10-09', '2019-10-16'),
(343, 29, 200, 3, '2019-06-16', '2019-06-23'),
(344, 23, 470, 3, '2018-07-18', '2018-08-17'),
(345, 17, 329, 27, '2018-07-27', '2018-08-14'),
(346, 11, 179, 1, '2018-08-07', '2018-08-20'),
(347, 8, 437, 34, '2019-07-10', '2019-07-21'),
(348, 16, 16, 25, '2018-10-13', '2018-10-25'),
(349, 25, 350, 44, '2019-08-17', '2019-09-19'),
(350, 10, 211, 29, '2018-01-07', '2018-01-21'),
(351, 1, 303, 35, '2018-02-10', '2018-02-24'),
(352, 8, 357, 19, '2018-09-19', '2018-10-20'),
(353, 29, 436, 19, '2019-06-21', '2019-07-14'),
(354, 14, 197, 24, '2019-11-07', '2019-12-11'),
(355, 2, 456, 33, '2018-04-01', '2018-04-09'),
(356, 24, 68, 7, '2019-09-04', '2019-10-01'),
(357, 18, 237, 7, '2019-07-22', '2019-08-03'),
(358, 8, 353, 26, '2018-01-02', '2018-02-01'),
(359, 24, 248, 33, '2018-09-11', '2018-09-12'),
(360, 5, 73, 44, '2019-05-18', '2019-06-24'),
(361, 17, 441, 44, '2019-12-19', '2020-01-18'),
(362, 21, 8, 40, '2019-05-05', '2019-05-12'),
(363, 10, 54, 41, '2018-09-07', '2018-10-01'),
(364, 2, 390, 10, '2019-06-21', '2019-07-09'),
(365, 3, 419, 23, '2018-04-25', '2018-05-24'),
(366, 26, 255, 39, '2019-02-25', '2019-03-01'),
(367, 10, 332, 6, '2018-10-24', '2018-10-28'),
(368, 23, 414, 25, '2018-12-11', '2018-12-29'),
(369, 26, 256, 3, '2019-02-07', '2019-02-09'),
(370, 23, 368, 35, '2018-04-27', '2018-05-16'),
(371, 2, 404, 9, '2019-01-08', '2019-01-22'),
(372, 1, 134, 10, '2018-12-13', '2018-12-29'),
(373, 4, 436, 9, '2018-03-26', '2018-04-20'),
(374, 18, 89, 8, '2019-08-27', '2019-10-05'),
(375, 3, 399, 31, '2018-02-17', '2018-03-23'),
(376, 11, 275, 31, '2018-06-17', '2018-07-13'),
(377, 29, 32, 24, '2019-12-05', '2019-12-18'),
(378, 25, 293, 27, '2019-10-08', '2019-10-22'),
(379, 26, 477, 15, '2019-02-24', '2019-03-10'),
(380, 11, 185, 29, '2018-05-21', '2018-05-29'),
(381, 6, 239, 39, '2018-10-07', '2018-10-24'),
(382, 27, 448, 13, '2018-01-21', '2018-02-07'),
(383, 2, 47, 14, '2019-10-28', '2019-12-02'),
(384, 11, 222, 29, '2018-08-18', '2018-09-18'),
(385, 19, 165, 43, '2019-07-12', '2019-08-13'),
(386, 3, 448, 32, '2018-08-14', '2018-09-16'),
(387, 22, 9, 2, '2018-01-02', '2018-01-31'),
(388, 13, 229, 1, '2019-10-01', '2019-10-16'),
(389, 24, 359, 3, '2019-01-24', '2019-02-03'),
(390, 4, 446, 44, '2019-11-20', '2019-11-30'),
(391, 3, 170, 19, '2018-08-24', '2018-09-01'),
(392, 16, 79, 19, '2019-12-22', '2020-01-06'),
(393, 2, 281, 41, '2018-02-07', '2018-02-22'),
(394, 23, 271, 42, '2019-11-07', '2019-12-05'),
(395, 15, 145, 11, '2018-09-13', '2018-09-22'),
(396, 3, 412, 39, '2019-09-10', '2019-09-19'),
(397, 15, 470, 35, '2019-07-13', '2019-08-04'),
(398, 7, 495, 29, '2018-01-07', '2018-02-13'),
(399, 20, 412, 21, '2019-02-23', '2019-03-20'),
(400, 17, 43, 25, '2018-09-13', '2018-09-25'),
(401, 30, 231, 32, '2019-08-19', '2019-09-20'),
(402, 11, 482, 27, '2018-11-10', '2018-12-02'),
(403, 15, 498, 40, '2019-10-24', '2019-11-10'),
(404, 6, 128, 37, '2019-03-22', '2019-04-22'),
(405, 11, 423, 3, '2018-04-16', '2018-05-01'),
(406, 8, 446, 36, '2018-06-10', '2018-06-14'),
(407, 26, 173, 1, '2018-01-25', '2018-02-27'),
(408, 13, 359, 35, '2018-03-21', '2018-04-05'),
(409, 3, 484, 33, '2019-06-23', '2019-07-01'),
(410, 1, 336, 17, '2019-11-24', '2019-12-23'),
(411, 10, 375, 33, '2019-01-23', '2019-02-20'),
(412, 12, 79, 33, '2019-01-15', '2019-01-27'),
(413, 14, 216, 25, '2018-05-26', '2018-06-03'),
(414, 3, 309, 23, '2018-10-19', '2018-11-06'),
(415, 3, 171, 9, '2019-09-17', '2019-10-10'),
(416, 8, 367, 28, '2018-05-24', '2018-06-19'),
(417, 13, 160, 22, '2019-01-06', '2019-02-06'),
(418, 29, 89, 2, '2018-03-16', '2018-04-17'),
(419, 18, 303, 1, '2019-03-12', '2019-03-28'),
(420, 3, 31, 15, '2019-08-28', '2019-09-30'),
(421, 27, 31, 21, '2019-02-07', '2019-02-16'),
(422, 23, 44, 12, '2019-11-28', '2019-12-08'),
(423, 29, 286, 36, '2019-11-21', '2019-12-17'),
(424, 27, 478, 8, '2019-03-26', '2019-04-23'),
(425, 18, 269, 11, '2018-12-27', '2019-01-14'),
(426, 25, 315, 35, '2019-08-15', '2019-08-18'),
(427, 21, 97, 45, '2018-06-17', '2018-06-28'),
(428, 15, 193, 4, '2019-10-17', '2019-11-07'),
(429, 17, 455, 2, '2018-09-10', '2018-09-23'),
(430, 7, 55, 37, '2019-12-03', '2019-12-11'),
(431, 16, 393, 33, '2019-06-17', '2019-07-03'),
(432, 3, 51, 37, '2019-11-28', '2019-12-06'),
(433, 1, 80, 12, '2018-08-14', '2018-09-21'),
(434, 18, 481, 2, '2019-06-09', '2019-07-12'),
(435, 15, 492, 26, '2019-11-23', '2019-11-26'),
(436, 2, 322, 27, '2018-10-26', '2018-11-28'),
(437, 22, 160, 24, '2018-06-14', '2018-06-27'),
(438, 26, 120, 13, '2019-05-14', '2019-05-28'),
(439, 7, 200, 1, '2019-10-12', '2019-10-28'),
(440, 30, 333, 44, '2019-12-02', '2019-12-05'),
(441, 30, 164, 17, '2019-04-07', '2019-04-30'),
(442, 18, 130, 14, '2019-06-06', '2019-07-08'),
(443, 15, 63, 2, '2019-10-22', '2019-11-26'),
(444, 25, 428, 7, '2018-04-22', '2018-05-31'),
(445, 4, 311, 45, '2019-12-03', '2020-01-10'),
(446, 21, 230, 5, '2019-04-12', '2019-05-18'),
(447, 9, 306, 11, '2018-11-05', '2018-12-13'),
(448, 18, 191, 24, '2019-01-21', '2019-02-02'),
(449, 10, 55, 3, '2019-04-16', '2019-05-20'),
(450, 11, 259, 12, '2018-12-11', '2018-12-30'),
(451, 13, 10, 24, '2019-12-02', '2019-12-04'),
(452, 29, 371, 36, '2018-11-10', '2018-11-25'),
(453, 25, 118, 23, '2019-04-10', '2019-04-12'),
(454, 8, 495, 26, '2019-11-08', '2019-12-10'),
(455, 4, 54, 10, '2018-05-28', '2018-05-30'),
(456, 2, 51, 18, '2019-10-09', '2019-11-13'),
(457, 1, 130, 15, '2019-10-01', '2019-11-08'),
(458, 27, 380, 28, '2019-01-13', '2019-01-16'),
(459, 25, 80, 5, '2018-01-18', '2018-01-30'),
(460, 29, 41, 22, '2019-04-19', '2019-05-15'),
(461, 15, 306, 4, '2018-08-02', '2018-08-26'),
(462, 25, 58, 35, '2018-02-01', '2018-02-28'),
(463, 17, 255, 13, '2019-07-15', '2019-08-21'),
(464, 26, 61, 40, '2019-05-23', '2019-05-29'),
(465, 12, 342, 42, '2019-11-05', '2019-11-14'),
(466, 17, 191, 11, '2019-06-11', '2019-06-19'),
(467, 6, 500, 42, '2019-08-18', '2019-08-30'),
(468, 3, 76, 2, '2018-02-06', '2018-02-12'),
(469, 27, 95, 44, '2018-06-12', '2018-06-25'),
(470, 8, 294, 37, '2019-10-25', '2019-11-20'),
(471, 1, 338, 38, '2018-04-19', '2018-05-08'),
(472, 22, 162, 11, '2018-10-22', '2018-11-01'),
(473, 30, 150, 27, '2019-08-23', '2019-09-15'),
(474, 20, 80, 28, '2019-02-26', '2019-03-16'),
(475, 5, 362, 27, '2018-01-04', '2018-02-01'),
(476, 23, 147, 25, '2018-10-28', '2018-10-29'),
(477, 18, 337, 27, '2018-10-17', '2018-10-27'),
(478, 24, 7, 6, '2019-05-07', '2019-05-08'),
(479, 5, 263, 9, '2019-04-14', '2019-05-16'),
(480, 7, 429, 9, '2018-01-08', '2018-01-29'),
(481, 14, 306, 16, '2019-02-06', '2019-03-16'),
(482, 18, 135, 34, '2019-06-22', '2019-07-19'),
(483, 17, 64, 1, '2018-05-05', '2018-05-09'),
(484, 23, 238, 22, '2018-12-27', '2019-02-04'),
(485, 25, 2, 31, '2018-01-20', '2018-02-06'),
(486, 25, 132, 33, '2018-10-06', '2018-10-14'),
(487, 20, 345, 24, '2018-07-04', '2018-08-03'),
(488, 21, 285, 31, '2019-04-24', '2019-04-26'),
(489, 27, 145, 24, '2018-07-02', '2018-07-15'),
(490, 10, 158, 34, '2018-04-15', '2018-05-08'),
(491, 23, 207, 21, '2018-05-05', '2018-06-06'),
(492, 26, 270, 14, '2019-04-05', '2019-04-10'),
(493, 26, 276, 13, '2018-10-12', '2018-10-17'),
(494, 14, 485, 9, '2018-10-07', '2018-10-12'),
(495, 22, 152, 13, '2019-07-24', '2019-08-11'),
(496, 6, 85, 16, '2018-09-15', '2018-10-19'),
(497, 19, 373, 14, '2018-12-04', '2019-01-01'),
(498, 1, 208, 31, '2018-08-12', '2018-09-11'),
(499, 2, 340, 4, '2018-08-02', '2018-08-13'),
(500, 5, 11, 4, '2018-10-12', '2018-10-29'),
(501, 22, 118, 11, '2018-03-22', '2018-04-24'),
(502, 17, 130, 24, '2019-01-18', '2019-02-07'),
(503, 17, 361, 4, '2018-03-17', '2018-04-13'),
(504, 15, 239, 36, '2019-06-15', '2019-07-07'),
(505, 1, 100, 41, '2018-11-02', '2018-12-02'),
(506, 25, 262, 26, '2018-10-20', '2018-11-17'),
(507, 23, 222, 2, '2019-02-12', '2019-02-18'),
(508, 17, 45, 40, '2018-03-27', '2018-04-23'),
(509, 6, 448, 2, '2018-12-17', '2019-01-21'),
(510, 26, 352, 9, '2018-07-19', '2018-07-30'),
(511, 17, 293, 31, '2018-11-15', '2018-12-12'),
(512, 12, 58, 40, '2018-11-03', '2018-12-03'),
(513, 7, 344, 13, '2018-07-27', '2018-08-31'),
(514, 27, 274, 25, '2018-11-15', '2018-12-23'),
(515, 12, 463, 14, '2018-10-09', '2018-11-14'),
(516, 14, 426, 9, '2018-11-06', '2018-11-25'),
(517, 15, 263, 29, '2018-02-15', '2018-03-12'),
(518, 29, 418, 21, '2018-11-23', '2018-12-08'),
(519, 11, 233, 25, '2019-02-10', '2019-02-17'),
(520, 22, 286, 33, '2019-05-05', '2019-05-31'),
(521, 6, 54, 2, '2018-02-28', '2018-03-06'),
(522, 10, 111, 35, '2019-12-03', '2019-12-18'),
(523, 22, 106, 29, '2019-10-05', '2019-10-26'),
(524, 24, 166, 4, '2019-10-28', '2019-12-04'),
(525, 22, 309, 19, '2018-03-17', '2018-04-26'),
(526, 22, 451, 30, '2018-05-19', '2018-06-25'),
(527, 10, 16, 18, '2018-05-23', '2018-06-01'),
(528, 10, 72, 37, '2018-05-02', '2018-05-05'),
(529, 6, 30, 41, '2018-05-12', '2018-06-21'),
(530, 21, 165, 12, '2019-06-19', '2019-07-21'),
(531, 30, 7, 44, '2018-07-15', '2018-08-16'),
(532, 27, 7, 10, '2019-04-11', '2019-05-15'),
(533, 10, 286, 43, '2019-01-09', '2019-01-15'),
(534, 21, 164, 22, '2019-08-24', '2019-09-05'),
(535, 12, 469, 32, '2018-06-12', '2018-07-21'),
(536, 1, 251, 12, '2019-10-21', '2019-11-07'),
(537, 7, 144, 5, '2018-12-21', '2019-01-17'),
(538, 12, 274, 30, '2018-01-18', '2018-02-18'),
(539, 5, 314, 29, '2018-02-23', '2018-02-26'),
(540, 2, 440, 43, '2019-11-28', '2019-12-09'),
(541, 7, 454, 36, '2018-07-19', '2018-08-27'),
(542, 11, 59, 10, '2019-07-14', '2019-08-05'),
(543, 17, 24, 31, '2019-11-22', '2019-12-24'),
(544, 4, 117, 22, '2019-12-06', '2019-12-25'),
(545, 12, 445, 8, '2019-02-01', '2019-03-06'),
(546, 28, 328, 1, '2019-09-03', '2019-09-17'),
(547, 14, 475, 5, '2019-07-16', '2019-08-10'),
(548, 14, 96, 16, '2019-12-07', '2020-01-04'),
(549, 2, 395, 34, '2018-11-13', '2018-12-18'),
(550, 28, 185, 27, '2019-10-21', '2019-11-10'),
(551, 24, 140, 8, '2019-10-09', '2019-11-06'),
(552, 1, 204, 16, '2018-06-09', '2018-06-23'),
(553, 13, 428, 39, '2018-10-19', '2018-11-20'),
(554, 22, 58, 18, '2019-10-28', '2019-11-05'),
(555, 9, 268, 5, '2018-02-24', '2018-03-06'),
(556, 22, 185, 7, '2018-10-27', '2018-11-25'),
(557, 8, 119, 1, '2019-05-21', '2019-06-27'),
(558, 15, 6, 29, '2018-01-23', '2018-03-03'),
(559, 27, 439, 34, '2018-09-06', '2018-10-16'),
(560, 15, 206, 38, '2018-07-08', '2018-08-01'),
(561, 9, 431, 45, '2019-04-24', '2019-05-06'),
(562, 21, 421, 17, '2018-03-24', '2018-04-16'),
(563, 1, 22, 34, '2018-09-12', '2018-09-26'),
(564, 23, 171, 9, '2018-04-06', '2018-04-14'),
(565, 27, 282, 20, '2019-01-03', '2019-01-09'),
(566, 25, 46, 37, '2019-03-24', '2019-04-19'),
(567, 25, 27, 23, '2018-09-24', '2018-10-26'),
(568, 30, 350, 36, '2018-09-18', '2018-10-13'),
(569, 5, 162, 32, '2019-12-21', '2020-01-18'),
(570, 10, 304, 10, '2019-02-10', '2019-02-13'),
(571, 22, 406, 40, '2019-11-13', '2019-11-25'),
(572, 22, 105, 15, '2018-07-28', '2018-08-06'),
(573, 21, 172, 27, '2019-10-28', '2019-11-27'),
(574, 15, 349, 25, '2018-10-23', '2018-11-20'),
(575, 28, 437, 34, '2018-05-02', '2018-05-25'),
(576, 21, 464, 32, '2018-03-27', '2018-04-20'),
(577, 10, 164, 10, '2018-02-28', '2018-03-22'),
(578, 14, 84, 28, '2018-07-09', '2018-08-03'),
(579, 8, 106, 1, '2018-08-12', '2018-08-17'),
(580, 25, 359, 39, '2019-06-03', '2019-07-04'),
(581, 5, 137, 4, '2018-09-06', '2018-09-21'),
(582, 28, 147, 10, '2018-08-13', '2018-09-01'),
(583, 24, 452, 41, '2018-05-25', '2018-06-14'),
(584, 26, 191, 39, '2019-07-17', '2019-07-24'),
(585, 11, 95, 40, '2019-02-15', '2019-03-04'),
(586, 5, 300, 3, '2019-04-24', '2019-04-28'),
(587, 12, 268, 40, '2019-05-11', '2019-06-13'),
(588, 5, 52, 7, '2019-09-21', '2019-10-04'),
(589, 22, 485, 20, '2018-04-17', '2018-04-20'),
(590, 8, 152, 22, '2019-04-04', '2019-05-13'),
(591, 8, 388, 34, '2019-07-01', '2019-07-09'),
(592, 26, 379, 36, '2018-10-07', '2018-10-21'),
(593, 17, 388, 31, '2019-05-17', '2019-05-30'),
(594, 6, 262, 36, '2019-05-19', '2019-06-23'),
(595, 10, 496, 5, '2019-11-20', '2019-12-08'),
(596, 21, 13, 30, '2019-04-09', '2019-04-24'),
(597, 16, 250, 9, '2019-03-21', '2019-03-22'),
(598, 7, 18, 41, '2018-06-11', '2018-06-19'),
(599, 30, 218, 20, '2018-11-21', '2018-12-05'),
(600, 4, 263, 19, '2019-02-01', '2019-02-19'),
(601, 24, 333, 14, '2018-04-24', '2018-05-26'),
(602, 15, 206, 13, '2019-01-11', '2019-01-16'),
(603, 24, 129, 35, '2018-02-23', '2018-03-20'),
(604, 20, 353, 44, '2019-10-23', '2019-11-16'),
(605, 4, 450, 34, '2018-03-11', '2018-03-30'),
(606, 15, 226, 32, '2018-12-18', '2019-01-09'),
(607, 27, 309, 8, '2019-11-27', '2019-12-24'),
(608, 17, 151, 35, '2019-10-14', '2019-11-12'),
(609, 19, 169, 39, '2018-12-06', '2018-12-22'),
(610, 25, 36, 17, '2019-10-03', '2019-10-31'),
(611, 11, 291, 15, '2018-11-02', '2018-11-18'),
(612, 18, 495, 37, '2018-01-03', '2018-01-26'),
(613, 8, 231, 39, '2019-03-18', '2019-04-12'),
(614, 21, 231, 40, '2019-05-26', '2019-07-03'),
(615, 9, 171, 26, '2018-01-14', '2018-02-20'),
(616, 5, 450, 13, '2019-11-07', '2019-11-13'),
(617, 22, 488, 12, '2019-06-01', '2019-06-26'),
(618, 25, 197, 24, '2019-09-15', '2019-09-30'),
(619, 16, 43, 15, '2018-09-27', '2018-10-16'),
(620, 15, 363, 13, '2019-12-10', '2019-12-15'),
(621, 22, 497, 26, '2019-12-08', '2020-01-15'),
(622, 2, 70, 35, '2018-08-23', '2018-09-05'),
(623, 14, 2, 35, '2019-04-18', '2019-05-04'),
(624, 8, 308, 26, '2018-04-26', '2018-05-16'),
(625, 21, 497, 29, '2019-02-03', '2019-03-12'),
(626, 19, 365, 36, '2019-06-13', '2019-07-08'),
(627, 7, 73, 26, '2018-11-20', '2018-12-11'),
(628, 26, 327, 7, '2019-08-05', '2019-08-13'),
(629, 13, 11, 15, '2019-11-17', '2019-12-06'),
(630, 4, 457, 9, '2018-11-24', '2018-11-29'),
(631, 25, 302, 4, '2018-12-25', '2019-01-16'),
(632, 25, 117, 26, '2018-03-01', '2018-03-25'),
(633, 27, 272, 22, '2018-06-17', '2018-07-01'),
(634, 29, 83, 33, '2018-02-18', '2018-02-21'),
(635, 2, 270, 15, '2018-01-03', '2018-01-04'),
(636, 9, 318, 26, '2019-12-18', '2019-12-27'),
(637, 23, 219, 40, '2019-10-21', '2019-11-21'),
(638, 29, 68, 31, '2018-03-16', '2018-04-23'),
(639, 4, 274, 2, '2018-09-16', '2018-09-28'),
(640, 21, 111, 19, '2018-08-21', '2018-09-26'),
(641, 14, 83, 27, '2019-12-15', '2020-01-03'),
(642, 21, 244, 10, '2019-11-20', '2019-12-13'),
(643, 3, 462, 43, '2019-07-08', '2019-07-13'),
(644, 12, 223, 25, '2018-06-19', '2018-07-16'),
(645, 15, 383, 19, '2018-02-26', '2018-03-13'),
(646, 18, 42, 27, '2018-05-26', '2018-06-01'),
(647, 16, 457, 44, '2019-09-19', '2019-10-03'),
(648, 2, 132, 38, '2018-04-21', '2018-05-02'),
(649, 20, 361, 43, '2019-08-11', '2019-08-22'),
(650, 20, 434, 44, '2019-08-24', '2019-09-09'),
(651, 15, 257, 4, '2019-09-12', '2019-10-21'),
(652, 5, 15, 8, '2018-05-11', '2018-05-29'),
(653, 27, 367, 18, '2018-08-12', '2018-09-01'),
(654, 21, 47, 36, '2019-03-12', '2019-04-19'),
(655, 3, 396, 15, '2018-12-20', '2018-12-28'),
(656, 11, 431, 39, '2018-08-24', '2018-09-02'),
(657, 28, 384, 36, '2018-02-26', '2018-03-07'),
(658, 8, 469, 2, '2019-09-10', '2019-09-24'),
(659, 26, 57, 6, '2019-11-25', '2019-11-26'),
(660, 5, 309, 28, '2018-02-02', '2018-03-05'),
(661, 8, 257, 38, '2019-08-28', '2019-09-06'),
(662, 8, 485, 19, '2019-05-17', '2019-06-24'),
(663, 5, 21, 42, '2019-07-20', '2019-07-28'),
(664, 11, 53, 28, '2019-01-19', '2019-02-20'),
(665, 28, 55, 44, '2018-10-06', '2018-10-17'),
(666, 28, 2, 14, '2019-05-16', '2019-06-20'),
(667, 22, 388, 36, '2019-01-16', '2019-02-19'),
(668, 17, 235, 4, '2018-10-22', '2018-11-03'),
(669, 23, 103, 42, '2018-09-14', '2018-10-12'),
(670, 30, 195, 45, '2018-08-24', '2018-09-14'),
(671, 28, 180, 4, '2018-06-25', '2018-07-20'),
(672, 23, 243, 1, '2018-12-12', '2018-12-21'),
(673, 12, 51, 15, '2019-02-26', '2019-04-05'),
(674, 13, 266, 13, '2019-08-28', '2019-09-24'),
(675, 20, 189, 15, '2018-10-21', '2018-11-21'),
(676, 18, 171, 8, '2018-12-12', '2018-12-21'),
(677, 8, 258, 13, '2019-05-24', '2019-07-02'),
(678, 5, 475, 19, '2019-11-28', '2019-12-18'),
(679, 9, 283, 23, '2019-09-02', '2019-09-07'),
(680, 16, 286, 15, '2019-12-23', '2019-12-28'),
(681, 5, 438, 20, '2018-05-12', '2018-06-01'),
(682, 17, 260, 5, '2018-06-18', '2018-07-14'),
(683, 16, 223, 1, '2019-10-18', '2019-11-11'),
(684, 3, 58, 30, '2018-05-09', '2018-05-16'),
(685, 30, 73, 33, '2018-03-13', '2018-04-19'),
(686, 24, 111, 4, '2019-11-19', '2019-11-22'),
(687, 4, 467, 39, '2019-12-22', '2020-01-31'),
(688, 23, 375, 36, '2019-09-05', '2019-10-05'),
(689, 8, 377, 24, '2018-12-16', '2019-01-08'),
(690, 5, 86, 2, '2018-02-05', '2018-02-07'),
(691, 28, 160, 19, '2018-01-28', '2018-02-11'),
(692, 9, 99, 10, '2019-09-01', '2019-09-25'),
(693, 23, 19, 41, '2018-07-01', '2018-07-25'),
(694, 13, 472, 4, '2019-04-25', '2019-06-01'),
(695, 11, 370, 5, '2018-11-01', '2018-12-05'),
(696, 15, 258, 13, '2018-05-05', '2018-05-19'),
(697, 5, 311, 39, '2018-10-03', '2018-10-31'),
(698, 17, 263, 38, '2018-07-11', '2018-07-21'),
(699, 22, 246, 23, '2018-05-02', '2018-05-22'),
(700, 9, 376, 44, '2019-02-21', '2019-03-27'),
(701, 19, 253, 14, '2018-02-22', '2018-04-01'),
(702, 14, 420, 32, '2018-04-27', '2018-05-01'),
(703, 18, 197, 5, '2019-06-26', '2019-07-17'),
(704, 14, 30, 29, '2019-04-22', '2019-05-14'),
(705, 5, 241, 21, '2018-06-21', '2018-07-09'),
(706, 17, 460, 17, '2018-12-20', '2019-01-08'),
(707, 23, 131, 27, '2018-07-19', '2018-07-30'),
(708, 29, 434, 29, '2018-01-25', '2018-02-07'),
(709, 25, 401, 26, '2018-09-22', '2018-10-11'),
(710, 25, 116, 17, '2019-01-11', '2019-01-23'),
(711, 28, 28, 32, '2018-07-23', '2018-09-01'),
(712, 22, 90, 9, '2018-06-06', '2018-06-14'),
(713, 7, 236, 26, '2019-11-01', '2019-12-01'),
(714, 17, 431, 27, '2019-11-24', '2019-12-16'),
(715, 5, 145, 19, '2019-10-22', '2019-11-13'),
(716, 29, 249, 13, '2018-03-27', '2018-04-16'),
(717, 4, 463, 12, '2018-10-08', '2018-10-29'),
(718, 6, 167, 35, '2019-02-16', '2019-03-02'),
(719, 10, 269, 14, '2018-12-26', '2019-01-03'),
(720, 22, 445, 6, '2018-02-26', '2018-03-03'),
(721, 20, 494, 29, '2019-03-22', '2019-03-28'),
(722, 19, 175, 10, '2018-03-05', '2018-04-07'),
(723, 18, 394, 24, '2018-01-21', '2018-02-07'),
(724, 7, 126, 17, '2019-02-02', '2019-03-04'),
(725, 19, 492, 4, '2018-04-01', '2018-04-29'),
(726, 26, 444, 43, '2018-10-07', '2018-10-15'),
(727, 11, 117, 41, '2019-02-27', '2019-03-09'),
(728, 24, 190, 4, '2018-10-25', '2018-11-20'),
(729, 13, 95, 35, '2018-01-23', '2018-01-30'),
(730, 7, 187, 34, '2019-06-15', '2019-07-08'),
(731, 14, 243, 18, '2019-04-01', '2019-05-04'),
(732, 22, 49, 6, '2018-02-16', '2018-02-22'),
(733, 29, 318, 1, '2018-01-15', '2018-02-13'),
(734, 22, 439, 29, '2019-05-09', '2019-06-14'),
(735, 1, 18, 31, '2019-04-01', '2019-04-24'),
(736, 1, 296, 33, '2018-02-16', '2018-03-26'),
(737, 12, 373, 32, '2019-02-09', '2019-03-02'),
(738, 23, 326, 45, '2018-03-26', '2018-03-29'),
(739, 29, 142, 20, '2018-12-12', '2018-12-18'),
(740, 3, 26, 33, '2018-07-20', '2018-07-28'),
(741, 9, 8, 22, '2018-01-14', '2018-02-03'),
(742, 29, 215, 2, '2018-11-13', '2018-12-12'),
(743, 22, 133, 41, '2019-12-01', '2020-01-07'),
(744, 9, 94, 36, '2019-11-12', '2019-11-18'),
(745, 8, 9, 23, '2018-07-10', '2018-07-22'),
(746, 18, 353, 7, '2019-05-07', '2019-05-31'),
(747, 9, 93, 13, '2018-10-05', '2018-10-18'),
(748, 27, 366, 24, '2019-06-06', '2019-06-13'),
(749, 20, 307, 28, '2018-08-04', '2018-08-26'),
(750, 6, 255, 2, '2019-01-07', '2019-02-03'),
(751, 5, 96, 19, '2019-07-03', '2019-07-16'),
(752, 5, 148, 11, '2019-09-26', '2019-10-27'),
(753, 26, 85, 26, '2019-05-28', '2019-06-12'),
(754, 29, 491, 33, '2019-04-14', '2019-04-18'),
(755, 2, 350, 29, '2018-11-19', '2018-12-29'),
(756, 16, 283, 42, '2018-08-08', '2018-09-09'),
(757, 9, 53, 10, '2019-09-01', '2019-10-08'),
(758, 20, 177, 13, '2019-11-25', '2019-12-14'),
(759, 18, 163, 29, '2019-03-16', '2019-03-31'),
(760, 6, 253, 35, '2019-09-03', '2019-10-09'),
(761, 13, 360, 28, '2018-06-28', '2018-07-12'),
(762, 3, 59, 9, '2018-11-03', '2018-12-10'),
(763, 16, 357, 43, '2018-11-15', '2018-11-26'),
(764, 19, 431, 13, '2018-03-01', '2018-03-10'),
(765, 14, 461, 17, '2018-08-13', '2018-09-12'),
(766, 2, 44, 43, '2018-09-02', '2018-10-01'),
(767, 26, 364, 38, '2019-05-08', '2019-06-02'),
(768, 16, 372, 26, '2018-10-08', '2018-11-12'),
(769, 13, 374, 5, '2019-10-05', '2019-10-13'),
(770, 22, 149, 36, '2019-10-11', '2019-10-14'),
(771, 1, 319, 42, '2019-04-01', '2019-04-19'),
(772, 23, 88, 42, '2018-03-02', '2018-03-26'),
(773, 13, 275, 9, '2019-02-20', '2019-03-04'),
(774, 6, 332, 39, '2019-11-27', '2019-12-14'),
(775, 15, 62, 41, '2019-05-03', '2019-05-12'),
(776, 1, 178, 30, '2019-10-08', '2019-11-16'),
(777, 10, 441, 31, '2018-01-28', '2018-02-01'),
(778, 17, 298, 43, '2019-07-15', '2019-07-26'),
(779, 12, 291, 1, '2019-12-25', '2020-02-03'),
(780, 20, 373, 24, '2018-02-19', '2018-02-27'),
(781, 30, 3, 18, '2018-06-20', '2018-07-01'),
(782, 7, 230, 11, '2018-08-18', '2018-09-12'),
(783, 27, 310, 19, '2018-10-19', '2018-11-01'),
(784, 30, 349, 27, '2019-07-04', '2019-07-05'),
(785, 22, 401, 11, '2018-01-10', '2018-01-19'),
(786, 16, 393, 37, '2019-03-25', '2019-04-25'),
(787, 5, 296, 4, '2018-01-01', '2018-01-05'),
(788, 18, 324, 32, '2019-08-07', '2019-08-27'),
(789, 12, 349, 5, '2019-04-17', '2019-05-06'),
(790, 13, 194, 9, '2019-12-19', '2020-01-27'),
(791, 2, 190, 2, '2018-05-18', '2018-06-21'),
(792, 18, 101, 7, '2018-10-07', '2018-11-12'),
(793, 18, 492, 31, '2019-06-02', '2019-06-11'),
(794, 16, 370, 25, '2019-05-16', '2019-06-15'),
(795, 30, 298, 8, '2018-10-25', '2018-11-01'),
(796, 12, 330, 31, '2019-09-20', '2019-10-21'),
(797, 13, 497, 12, '2018-07-15', '2018-07-20'),
(798, 15, 275, 32, '2019-03-02', '2019-04-03'),
(799, 11, 458, 28, '2018-07-20', '2018-08-03'),
(800, 4, 374, 24, '2019-06-05', '2019-06-30'),
(801, 24, 146, 31, '2019-10-20', '2019-11-10'),
(802, 27, 206, 30, '2018-08-01', '2018-09-05'),
(803, 22, 286, 21, '2019-04-25', '2019-05-02'),
(804, 3, 326, 2, '2018-07-06', '2018-07-24'),
(805, 11, 351, 33, '2018-10-08', '2018-11-07'),
(806, 2, 185, 6, '2019-06-05', '2019-06-08'),
(807, 23, 446, 18, '2019-02-24', '2019-04-02'),
(808, 9, 85, 2, '2018-06-24', '2018-07-06'),
(809, 4, 450, 43, '2018-11-08', '2018-11-24'),
(810, 16, 146, 8, '2019-02-04', '2019-02-15'),
(811, 21, 80, 22, '2018-09-11', '2018-10-12'),
(812, 21, 124, 31, '2019-11-02', '2019-11-30'),
(813, 14, 9, 9, '2018-06-17', '2018-07-02'),
(814, 17, 467, 22, '2018-09-24', '2018-10-22'),
(815, 1, 280, 21, '2019-01-11', '2019-02-09'),
(816, 12, 166, 18, '2018-10-26', '2018-10-31'),
(817, 25, 149, 30, '2018-02-14', '2018-03-06'),
(818, 27, 498, 17, '2019-01-13', '2019-01-29'),
(819, 25, 449, 6, '2018-01-03', '2018-02-11'),
(820, 19, 311, 20, '2018-10-10', '2018-10-11'),
(821, 26, 420, 45, '2019-05-08', '2019-06-03'),
(822, 8, 281, 43, '2019-12-07', '2020-01-10'),
(823, 8, 350, 38, '2018-12-27', '2019-01-21'),
(824, 25, 187, 33, '2018-11-05', '2018-12-11'),
(825, 9, 120, 15, '2019-03-20', '2019-03-23'),
(826, 10, 242, 2, '2019-02-08', '2019-03-17'),
(827, 26, 205, 36, '2018-01-07', '2018-02-11'),
(828, 4, 120, 25, '2019-03-26', '2019-05-02'),
(829, 26, 389, 10, '2019-10-11', '2019-11-15'),
(830, 9, 47, 35, '2018-09-03', '2018-10-10'),
(831, 7, 358, 6, '2019-09-02', '2019-10-12'),
(832, 4, 434, 10, '2018-05-18', '2018-06-08'),
(833, 29, 203, 32, '2019-12-24', '2020-01-31'),
(834, 9, 387, 28, '2019-12-13', '2019-12-18'),
(835, 22, 87, 15, '2018-09-05', '2018-09-29'),
(836, 25, 391, 18, '2018-01-22', '2018-02-21'),
(837, 22, 36, 11, '2018-12-21', '2019-01-30'),
(838, 16, 381, 2, '2018-01-03', '2018-01-29'),
(839, 10, 421, 30, '2019-02-22', '2019-02-26'),
(840, 7, 340, 11, '2019-06-25', '2019-07-04'),
(841, 24, 452, 39, '2019-02-23', '2019-03-06'),
(842, 5, 30, 44, '2019-01-13', '2019-01-18'),
(843, 10, 320, 12, '2019-06-13', '2019-07-17'),
(844, 3, 254, 44, '2019-03-24', '2019-03-28'),
(845, 10, 15, 23, '2019-08-02', '2019-08-30'),
(846, 13, 469, 37, '2018-06-23', '2018-07-01'),
(847, 26, 409, 22, '2018-03-25', '2018-04-21'),
(848, 17, 102, 45, '2019-08-07', '2019-08-31'),
(849, 10, 111, 24, '2018-08-15', '2018-08-25'),
(850, 2, 418, 29, '2019-10-02', '2019-10-11'),
(851, 13, 330, 33, '2018-01-15', '2018-01-22'),
(852, 13, 207, 5, '2019-02-08', '2019-03-16'),
(853, 19, 351, 29, '2018-02-10', '2018-03-15'),
(854, 24, 253, 25, '2018-10-14', '2018-11-12'),
(855, 22, 491, 36, '2018-10-15', '2018-10-25'),
(856, 17, 71, 5, '2018-12-26', '2019-01-19'),
(857, 29, 48, 7, '2018-05-15', '2018-06-05'),
(858, 24, 137, 1, '2019-04-04', '2019-05-08'),
(859, 4, 363, 45, '2019-01-17', '2019-02-17'),
(860, 29, 484, 6, '2018-08-12', '2018-09-17'),
(861, 10, 306, 41, '2019-08-28', '2019-09-10'),
(862, 12, 123, 15, '2018-04-06', '2018-04-13'),
(863, 2, 417, 4, '2019-05-04', '2019-05-16'),
(864, 29, 91, 22, '2018-10-24', '2018-11-28'),
(865, 30, 62, 36, '2019-11-05', '2019-11-10'),
(866, 27, 6, 17, '2018-04-21', '2018-05-17'),
(867, 27, 64, 7, '2019-03-06', '2019-04-07'),
(868, 16, 500, 14, '2018-08-21', '2018-09-19'),
(869, 9, 135, 19, '2019-12-17', '2020-01-05'),
(870, 7, 396, 21, '2019-01-05', '2019-01-26'),
(871, 5, 422, 34, '2019-09-17', '2019-10-16'),
(872, 14, 388, 24, '2019-05-02', '2019-06-03'),
(873, 18, 138, 44, '2018-01-16', '2018-02-16'),
(874, 15, 229, 36, '2018-03-28', '2018-03-30'),
(875, 28, 326, 29, '2019-04-27', '2019-05-13'),
(876, 21, 87, 3, '2019-12-02', '2019-12-09'),
(877, 20, 218, 45, '2018-11-12', '2018-11-25'),
(878, 23, 342, 45, '2018-04-22', '2018-05-27'),
(879, 17, 488, 22, '2019-03-07', '2019-03-31'),
(880, 18, 244, 12, '2019-06-13', '2019-07-21'),
(881, 14, 493, 17, '2019-01-02', '2019-02-10'),
(882, 30, 201, 8, '2019-08-09', '2019-09-11'),
(883, 11, 81, 27, '2018-06-26', '2018-06-27'),
(884, 3, 372, 31, '2018-07-03', '2018-07-11'),
(885, 4, 188, 42, '2019-04-28', '2019-04-29'),
(886, 12, 190, 39, '2019-07-27', '2019-08-03'),
(887, 27, 381, 40, '2018-10-27', '2018-11-26'),
(888, 5, 131, 18, '2019-02-27', '2019-03-19'),
(889, 11, 478, 31, '2019-06-07', '2019-07-03'),
(890, 5, 171, 39, '2018-05-08', '2018-05-26'),
(891, 21, 163, 20, '2018-02-06', '2018-03-12'),
(892, 5, 323, 11, '2018-07-19', '2018-08-10'),
(893, 9, 439, 24, '2019-11-04', '2019-11-19'),
(894, 22, 431, 28, '2019-02-09', '2019-02-26'),
(895, 7, 468, 35, '2018-05-24', '2018-05-30'),
(896, 18, 222, 17, '2018-05-21', '2018-05-25'),
(897, 25, 440, 19, '2019-03-23', '2019-04-24'),
(898, 12, 23, 40, '2018-11-27', '2018-12-24'),
(899, 21, 153, 30, '2018-08-18', '2018-09-07'),
(900, 30, 461, 14, '2019-02-06', '2019-02-22'),
(901, 23, 455, 10, '2018-02-20', '2018-02-23'),
(902, 8, 262, 22, '2018-03-01', '2018-03-17'),
(903, 1, 359, 42, '2019-04-17', '2019-05-01'),
(904, 12, 221, 38, '2018-06-25', '2018-06-26'),
(905, 13, 207, 26, '2018-04-21', '2018-05-08'),
(906, 26, 453, 33, '2019-09-22', '2019-10-03'),
(907, 29, 283, 42, '2018-02-21', '2018-03-01'),
(908, 13, 468, 25, '2018-01-23', '2018-02-22'),
(909, 7, 126, 29, '2019-12-26', '2020-01-24'),
(910, 2, 315, 16, '2019-01-10', '2019-02-19'),
(911, 7, 205, 10, '2018-12-01', '2019-01-01'),
(912, 27, 229, 3, '2019-02-01', '2019-02-14'),
(913, 27, 1, 7, '2019-03-22', '2019-04-08'),
(914, 21, 4, 38, '2019-06-15', '2019-06-21'),
(915, 8, 306, 9, '2018-10-16', '2018-10-27'),
(916, 15, 245, 38, '2019-07-10', '2019-08-19'),
(917, 29, 335, 7, '2018-10-02', '2018-10-10'),
(918, 20, 168, 30, '2018-06-16', '2018-07-25'),
(919, 3, 47, 9, '2019-04-08', '2019-05-05'),
(920, 26, 151, 25, '2019-08-24', '2019-09-25'),
(921, 19, 429, 10, '2019-10-05', '2019-10-20'),
(922, 13, 499, 9, '2018-10-08', '2018-11-07'),
(923, 28, 70, 11, '2019-12-20', '2020-01-01'),
(924, 24, 200, 2, '2018-09-01', '2018-09-30'),
(925, 19, 48, 8, '2018-11-18', '2018-12-19'),
(926, 4, 418, 1, '2018-07-27', '2018-08-09'),
(927, 28, 271, 11, '2018-09-20', '2018-10-19'),
(928, 25, 371, 45, '2018-03-13', '2018-04-12'),
(929, 27, 37, 29, '2018-06-10', '2018-07-05'),
(930, 24, 246, 6, '2018-08-13', '2018-08-27'),
(931, 23, 106, 11, '2018-05-28', '2018-05-30'),
(932, 25, 303, 10, '2018-10-12', '2018-10-15'),
(933, 15, 314, 15, '2019-01-10', '2019-02-08'),
(934, 2, 64, 7, '2018-07-11', '2018-07-26'),
(935, 1, 26, 10, '2018-05-28', '2018-07-01'),
(936, 15, 91, 31, '2018-05-18', '2018-06-15'),
(937, 11, 239, 22, '2018-04-07', '2018-05-15'),
(938, 9, 130, 36, '2019-07-08', '2019-07-15'),
(939, 30, 329, 10, '2018-11-09', '2018-12-04'),
(940, 27, 252, 8, '2019-03-12', '2019-03-25'),
(941, 15, 126, 40, '2018-05-21', '2018-06-11'),
(942, 6, 392, 41, '2018-02-22', '2018-03-21'),
(943, 17, 70, 30, '2018-08-23', '2018-09-15'),
(944, 30, 429, 27, '2018-07-28', '2018-08-01'),
(945, 20, 407, 10, '2019-01-13', '2019-01-22'),
(946, 28, 238, 13, '2019-12-05', '2019-12-18'),
(947, 26, 470, 7, '2019-12-26', '2020-01-23'),
(948, 19, 206, 38, '2019-01-19', '2019-01-29'),
(949, 7, 397, 28, '2019-12-02', '2020-01-10'),
(950, 15, 472, 22, '2018-12-08', '2018-12-30'),
(951, 4, 471, 14, '2018-12-11', '2019-01-09'),
(952, 27, 374, 42, '2019-10-03', '2019-11-12'),
(953, 25, 376, 34, '2018-03-14', '2018-03-29'),
(954, 1, 97, 27, '2019-11-16', '2019-12-07'),
(955, 1, 310, 26, '2019-05-19', '2019-06-20'),
(956, 30, 275, 42, '2019-11-23', '2019-12-10'),
(957, 15, 118, 35, '2019-07-21', '2019-07-22'),
(958, 15, 130, 38, '2019-03-25', '2019-04-10'),
(959, 28, 284, 35, '2019-05-12', '2019-05-23'),
(960, 25, 257, 28, '2018-09-13', '2018-10-15'),
(961, 29, 115, 13, '2018-07-09', '2018-07-23'),
(962, 27, 242, 24, '2019-08-16', '2019-08-25'),
(963, 11, 71, 22, '2018-12-06', '2018-12-18'),
(964, 29, 397, 45, '2019-04-08', '2019-04-24'),
(965, 1, 204, 13, '2019-11-23', '2019-12-04'),
(966, 23, 352, 21, '2018-02-18', '2018-03-09'),
(967, 11, 284, 9, '2018-02-05', '2018-02-14'),
(968, 11, 8, 44, '2018-05-10', '2018-05-27'),
(969, 15, 143, 22, '2019-04-12', '2019-05-13'),
(970, 23, 18, 37, '2018-11-16', '2018-12-15'),
(971, 29, 468, 35, '2018-12-07', '2018-12-25'),
(972, 11, 375, 43, '2019-01-22', '2019-02-25'),
(973, 9, 342, 43, '2019-11-02', '2019-12-01'),
(974, 16, 139, 23, '2019-09-01', '2019-10-02'),
(975, 12, 262, 44, '2018-12-24', '2019-01-04'),
(976, 9, 313, 18, '2019-10-14', '2019-11-23'),
(977, 14, 435, 25, '2019-05-04', '2019-06-01'),
(978, 7, 463, 13, '2019-08-03', '2019-08-22'),
(979, 18, 389, 31, '2018-12-02', '2019-01-06'),
(980, 19, 349, 10, '2018-10-20', '2018-11-29'),
(981, 29, 129, 42, '2018-06-16', '2018-06-27'),
(982, 9, 356, 42, '2019-04-13', '2019-05-18'),
(983, 22, 305, 26, '2018-02-02', '2018-02-04'),
(984, 3, 39, 33, '2018-10-26', '2018-11-20'),
(985, 6, 250, 36, '2018-03-10', '2018-03-21'),
(986, 24, 410, 26, '2019-09-16', '2019-10-10'),
(987, 4, 210, 17, '2019-11-26', '2019-12-28'),
(988, 14, 101, 23, '2019-11-03', '2019-11-28'),
(989, 20, 320, 17, '2018-11-22', '2018-12-23'),
(990, 15, 9, 26, '2019-03-04', '2019-03-05'),
(991, 21, 225, 36, '2019-05-25', '2019-06-06'),
(992, 3, 373, 44, '2018-10-26', '2018-11-07'),
(993, 21, 316, 9, '2019-03-01', '2019-03-06'),
(994, 24, 477, 38, '2019-02-23', '2019-03-10'),
(995, 8, 121, 6, '2018-11-01', '2018-11-28'),
(996, 26, 384, 6, '2019-10-09', '2019-10-16'),
(997, 14, 45, 29, '2018-05-23', '2018-06-23'),
(998, 14, 121, 15, '2018-12-02', '2018-12-18'),
(999, 17, 53, 44, '2018-06-17', '2018-06-20'),
(1000, 1, 117, 14, '2019-03-16', '2019-04-15');
insert into HOSPEDAGEM(cod_hospeda, cod_func, cod_hosp, num, dt_entrada, dt_saida)
values 
(1, 2, 82, 8, '2019-10-17', '2019-11-07'),
(2, 18, 81, 31, '2018-03-20', '2018-04-16'),
(3, 7, 428, 5, '2019-10-08', '2019-11-04'),
(4, 1, 182, 2, '2018-11-02', '2018-11-16'),
(5, 3, 33, 24, '2018-06-13', '2018-07-09'),
(6, 28, 474, 29, '2018-04-07', '2018-04-19'),
(7, 9, 429, 1, '2018-12-03', '2018-12-12'),
(8, 12, 13, 23, '2019-04-16', '2019-05-17'),
(9, 28, 6, 8, '2019-02-15', '2019-03-20'),
(10, 29, 403, 36, '2019-01-15', '2019-01-21'),
(11, 27, 220, 43, '2019-12-20', '2020-01-13'),
(12, 17, 429, 39, '2019-12-03', '2019-12-06'),
(13, 8, 328, 18, '2018-03-18', '2018-04-15'),
(14, 10, 434, 30, '2019-03-07', '2019-04-05'),
(15, 18, 19, 42, '2018-01-11', '2018-02-03'),
(16, 9, 409, 41, '2018-08-15', '2018-09-13'),
(17, 5, 172, 19, '2018-03-27', '2018-04-19'),
(18, 16, 323, 24, '2018-03-02', '2018-03-16'),
(19, 28, 409, 27, '2018-05-26', '2018-06-22'),
(20, 6, 1, 40, '2018-07-16', '2018-07-20'),
(21, 18, 3, 45, '2019-01-21', '2019-01-31'),
(22, 5, 185, 39, '2019-07-05', '2019-07-18'),
(23, 25, 414, 40, '2019-10-10', '2019-10-18'),
(24, 27, 371, 10, '2019-03-20', '2019-04-13'),
(25, 27, 496, 11, '2019-09-14', '2019-10-09'),
(26, 22, 57, 38, '2018-06-22', '2018-07-16'),
(27, 2, 122, 45, '2018-05-24', '2018-06-19'),
(28, 14, 119, 17, '2018-05-05', '2018-06-12'),
(29, 11, 242, 37, '2019-08-10', '2019-08-19'),
(30, 5, 263, 27, '2018-10-26', '2018-11-10'),
(31, 9, 65, 13, '2018-10-15', '2018-11-02'),
(32, 5, 312, 38, '2019-02-08', '2019-02-28'),
(33, 10, 232, 37, '2019-06-28', '2019-07-28'),
(34, 24, 16, 33, '2018-11-07', '2018-11-26'),
(35, 1, 133, 14, '2019-01-17', '2019-01-21'),
(36, 9, 478, 36, '2019-04-08', '2019-04-09'),
(37, 1, 342, 11, '2018-05-21', '2018-06-24'),
(38, 28, 299, 11, '2018-05-13', '2018-05-31'),
(39, 24, 500, 13, '2018-01-16', '2018-02-22'),
(40, 14, 194, 34, '2019-06-23', '2019-07-11'),
(41, 24, 168, 33, '2018-01-14', '2018-01-26'),
(42, 17, 129, 38, '2018-06-21', '2018-07-13'),
(43, 8, 274, 27, '2018-04-26', '2018-05-18'),
(44, 5, 69, 3, '2019-12-20', '2020-01-18'),
(45, 30, 261, 31, '2018-09-01', '2018-09-10'),
(46, 10, 102, 34, '2019-04-26', '2019-05-06'),
(47, 21, 159, 14, '2019-10-22', '2019-11-25'),
(48, 10, 252, 29, '2019-01-03', '2019-02-03'),
(49, 15, 377, 30, '2019-05-25', '2019-06-01'),
(50, 4, 394, 36, '2019-05-12', '2019-05-15'),
(51, 3, 325, 44, '2019-06-19', '2019-07-12'),
(52, 18, 335, 17, '2019-10-20', '2019-11-29'),
(53, 22, 90, 10, '2018-03-03', '2018-03-29'),
(54, 13, 24, 44, '2019-07-11', '2019-07-14'),
(55, 25, 371, 37, '2018-10-11', '2018-10-21'),
(56, 20, 59, 26, '2018-12-17', '2018-12-19'),
(57, 9, 381, 26, '2019-03-12', '2019-04-20'),
(58, 11, 327, 27, '2019-06-12', '2019-07-06'),
(59, 9, 454, 42, '2019-05-18', '2019-06-08'),
(60, 28, 43, 7, '2019-08-27', '2019-09-12'),
(61, 25, 31, 25, '2019-06-14', '2019-06-24'),
(62, 24, 7, 36, '2018-04-24', '2018-06-01'),
(63, 13, 285, 39, '2018-09-03', '2018-10-07'),
(64, 22, 242, 45, '2018-08-28', '2018-09-28'),
(65, 4, 214, 19, '2018-12-11', '2019-01-03'),
(66, 25, 30, 41, '2018-12-16', '2018-12-25'),
(67, 7, 350, 39, '2018-11-14', '2018-12-01'),
(68, 18, 328, 30, '2018-09-18', '2018-09-26'),
(69, 25, 93, 1, '2018-01-01', '2018-01-14'),
(70, 4, 469, 30, '2019-01-18', '2019-02-04'),
(71, 4, 427, 14, '2018-08-27', '2018-09-18'),
(72, 16, 288, 43, '2018-09-04', '2018-09-19'),
(73, 15, 226, 33, '2019-09-15', '2019-10-05'),
(74, 25, 309, 13, '2018-02-26', '2018-03-22'),
(75, 26, 305, 14, '2019-08-02', '2019-08-15'),
(76, 12, 134, 9, '2018-11-02', '2018-11-30'),
(77, 16, 14, 4, '2019-12-06', '2019-12-13'),
(78, 3, 320, 6, '2018-07-11', '2018-08-19'),
(79, 25, 204, 18, '2019-11-04', '2019-12-12'),
(80, 1, 55, 9, '2018-04-08', '2018-04-19'),
(81, 20, 375, 45, '2018-06-05', '2018-06-26'),
(82, 27, 160, 39, '2019-03-02', '2019-03-16'),
(83, 18, 443, 16, '2019-09-01', '2019-09-20'),
(84, 27, 85, 14, '2018-05-21', '2018-06-17'),
(85, 20, 57, 1, '2018-11-18', '2018-12-10'),
(86, 13, 462, 26, '2019-06-05', '2019-07-13'),
(87, 1, 419, 43, '2019-09-18', '2019-10-02'),
(88, 22, 64, 12, '2019-12-10', '2019-12-19'),
(89, 10, 46, 38, '2018-06-03', '2018-06-12'),
(90, 16, 348, 43, '2019-12-07', '2020-01-16'),
(91, 2, 454, 45, '2019-05-28', '2019-05-30'),
(92, 15, 215, 40, '2018-06-04', '2018-06-16'),
(93, 6, 432, 24, '2018-01-11', '2018-02-02'),
(94, 6, 220, 10, '2018-12-23', '2019-01-05'),
(95, 12, 289, 11, '2018-08-13', '2018-08-22'),
(96, 15, 263, 31, '2018-05-08', '2018-05-23'),
(97, 13, 254, 29, '2018-02-20', '2018-03-24'),
(98, 18, 161, 26, '2019-07-05', '2019-07-31'),
(99, 28, 185, 35, '2019-06-05', '2019-06-28'),
(100, 22, 23, 35, '2018-11-24', '2018-11-27'),
(101, 17, 26, 30, '2019-08-11', '2019-08-22'),
(102, 7, 276, 21, '2018-08-11', '2018-08-28'),
(103, 16, 312, 14, '2018-01-24', '2018-02-18'),
(104, 12, 460, 35, '2018-04-10', '2018-04-27'),
(105, 16, 154, 43, '2019-06-24', '2019-07-04'),
(106, 17, 460, 30, '2019-12-22', '2020-01-07'),
(107, 26, 421, 42, '2018-02-26', '2018-04-03'),
(108, 12, 440, 29, '2019-06-05', '2019-06-23'),
(109, 26, 81, 13, '2018-01-18', '2018-01-19'),
(110, 27, 53, 6, '2019-06-25', '2019-07-27'),
(111, 12, 9, 8, '2019-07-01', '2019-07-18'),
(112, 13, 17, 7, '2019-10-21', '2019-10-28'),
(113, 9, 101, 30, '2019-08-23', '2019-08-28'),
(114, 29, 182, 26, '2018-11-19', '2018-12-11'),
(115, 15, 246, 30, '2018-11-20', '2018-12-15'),
(116, 13, 283, 44, '2018-09-26', '2018-11-02'),
(117, 10, 275, 11, '2019-12-06', '2020-01-07'),
(118, 7, 308, 41, '2018-02-24', '2018-03-25'),
(119, 18, 27, 8, '2019-11-15', '2019-12-02'),
(120, 24, 157, 43, '2018-01-11', '2018-01-14'),
(121, 25, 154, 25, '2019-07-06', '2019-07-21'),
(122, 12, 95, 3, '2019-11-11', '2019-11-30'),
(123, 8, 45, 12, '2018-07-06', '2018-07-17'),
(124, 26, 382, 29, '2018-01-20', '2018-01-29'),
(125, 19, 139, 38, '2019-09-27', '2019-10-28'),
(126, 10, 361, 20, '2018-07-19', '2018-08-07'),
(127, 13, 440, 27, '2018-08-27', '2018-09-19'),
(128, 5, 482, 10, '2018-02-02', '2018-03-02'),
(129, 28, 446, 3, '2018-06-09', '2018-06-25'),
(130, 29, 192, 23, '2018-08-09', '2018-08-29'),
(131, 15, 428, 5, '2018-07-10', '2018-07-21'),
(132, 18, 56, 2, '2019-04-05', '2019-04-22'),
(133, 6, 165, 16, '2019-07-23', '2019-08-11'),
(134, 9, 455, 35, '2018-05-03', '2018-06-02'),
(135, 24, 128, 24, '2019-08-16', '2019-09-06'),
(136, 1, 352, 45, '2018-02-28', '2018-03-23'),
(137, 22, 346, 20, '2019-07-24', '2019-07-31'),
(138, 19, 143, 10, '2018-10-19', '2018-10-25'),
(139, 15, 48, 44, '2018-07-02', '2018-07-17'),
(140, 24, 199, 19, '2018-01-12', '2018-02-03'),
(141, 26, 138, 18, '2018-10-17', '2018-11-13'),
(142, 28, 444, 11, '2019-02-05', '2019-03-05'),
(143, 11, 454, 4, '2018-03-03', '2018-03-12'),
(144, 7, 348, 35, '2019-07-13', '2019-08-02'),
(145, 30, 388, 20, '2018-04-03', '2018-04-10'),
(146, 27, 92, 25, '2019-01-16', '2019-01-31'),
(147, 12, 29, 45, '2019-07-02', '2019-08-01'),
(148, 5, 264, 22, '2019-11-16', '2019-12-02'),
(149, 1, 302, 9, '2018-09-21', '2018-10-10'),
(150, 16, 397, 31, '2019-01-24', '2019-02-09'),
(151, 27, 258, 19, '2018-07-08', '2018-07-26'),
(152, 4, 475, 26, '2018-11-27', '2018-12-01'),
(153, 22, 2, 8, '2018-08-16', '2018-09-13'),
(154, 28, 248, 41, '2018-01-08', '2018-02-10'),
(155, 26, 458, 5, '2019-08-05', '2019-08-22'),
(156, 20, 284, 14, '2019-03-05', '2019-03-09'),
(157, 29, 402, 40, '2019-12-24', '2020-01-26'),
(158, 25, 60, 40, '2019-03-03', '2019-03-11'),
(159, 30, 322, 38, '2019-10-15', '2019-10-18'),
(160, 2, 90, 28, '2019-02-10', '2019-03-08'),
(161, 15, 121, 2, '2018-07-27', '2018-08-31'),
(162, 15, 12, 8, '2018-10-08', '2018-10-10'),
(163, 3, 256, 27, '2018-12-07', '2018-12-13'),
(164, 8, 265, 41, '2019-11-27', '2019-11-28'),
(165, 17, 108, 12, '2018-07-18', '2018-08-04'),
(166, 8, 494, 34, '2019-04-13', '2019-05-10'),
(167, 29, 36, 22, '2019-11-07', '2019-11-23'),
(168, 27, 381, 14, '2019-07-04', '2019-07-29'),
(169, 12, 304, 6, '2018-12-21', '2019-01-13'),
(170, 14, 182, 38, '2018-12-27', '2018-12-28'),
(171, 22, 361, 3, '2019-12-01', '2019-12-13'),
(172, 2, 301, 31, '2018-04-21', '2018-05-25'),
(173, 12, 328, 38, '2019-09-05', '2019-09-11'),
(174, 28, 424, 43, '2018-06-05', '2018-06-13'),
(175, 19, 3, 9, '2019-04-08', '2019-05-17'),
(176, 8, 354, 18, '2019-07-24', '2019-07-25'),
(177, 27, 158, 25, '2018-03-01', '2018-03-26'),
(178, 13, 369, 7, '2018-09-12', '2018-10-07'),
(179, 14, 94, 4, '2019-09-13', '2019-09-22'),
(180, 10, 433, 9, '2019-12-21', '2019-12-28'),
(181, 11, 419, 28, '2018-04-01', '2018-05-07'),
(182, 19, 441, 6, '2019-09-04', '2019-10-04'),
(183, 12, 153, 38, '2018-04-11', '2018-05-03'),
(184, 17, 328, 40, '2018-09-04', '2018-09-13'),
(185, 5, 456, 26, '2019-07-26', '2019-08-21'),
(186, 5, 485, 29, '2018-01-05', '2018-02-12'),
(187, 5, 206, 7, '2019-09-01', '2019-10-04'),
(188, 28, 31, 30, '2019-01-28', '2019-02-24'),
(189, 22, 249, 33, '2018-01-22', '2018-03-03'),
(190, 27, 498, 24, '2018-01-26', '2018-03-04'),
(191, 6, 102, 45, '2018-02-27', '2018-03-13'),
(192, 8, 154, 44, '2018-02-06', '2018-02-22'),
(193, 5, 374, 29, '2018-04-11', '2018-05-04'),
(194, 12, 296, 36, '2018-02-18', '2018-03-29'),
(195, 28, 237, 23, '2018-04-14', '2018-05-09'),
(196, 3, 163, 35, '2018-11-21', '2018-12-31'),
(197, 21, 322, 24, '2019-08-21', '2019-09-26'),
(198, 26, 483, 45, '2019-03-27', '2019-04-16'),
(199, 8, 390, 12, '2018-11-20', '2018-12-26'),
(200, 10, 179, 42, '2019-10-03', '2019-10-30'),
(201, 2, 185, 38, '2018-08-28', '2018-09-28'),
(202, 30, 261, 5, '2018-07-14', '2018-08-04'),
(203, 21, 287, 36, '2019-08-02', '2019-09-08'),
(204, 28, 498, 2, '2019-12-14', '2020-01-05'),
(205, 1, 10, 19, '2018-01-02', '2018-01-21'),
(206, 20, 120, 35, '2018-09-16', '2018-10-03'),
(207, 15, 373, 36, '2018-11-11', '2018-11-28'),
(208, 17, 61, 43, '2018-04-08', '2018-05-17'),
(209, 11, 277, 41, '2018-12-20', '2019-01-07'),
(210, 29, 152, 45, '2019-06-23', '2019-07-28'),
(211, 12, 189, 17, '2019-07-15', '2019-08-08'),
(212, 18, 321, 42, '2018-10-16', '2018-10-30'),
(213, 18, 306, 33, '2019-10-04', '2019-10-18'),
(214, 15, 382, 32, '2018-10-25', '2018-11-18'),
(215, 6, 247, 2, '2018-09-16', '2018-09-18'),
(216, 27, 105, 8, '2019-11-07', '2019-11-09'),
(217, 13, 376, 10, '2019-08-19', '2019-08-26'),
(218, 22, 427, 7, '2019-06-15', '2019-07-02'),
(219, 1, 174, 19, '2018-12-21', '2019-01-21'),
(220, 5, 379, 19, '2019-05-07', '2019-06-04'),
(221, 27, 169, 43, '2018-03-20', '2018-04-10'),
(222, 2, 129, 3, '2019-04-17', '2019-05-19'),
(223, 8, 82, 12, '2018-01-19', '2018-02-12'),
(224, 23, 321, 6, '2018-07-16', '2018-08-11'),
(225, 23, 158, 26, '2018-12-05', '2019-01-12'),
(226, 3, 229, 18, '2019-03-01', '2019-04-01'),
(227, 12, 352, 34, '2019-03-02', '2019-04-07'),
(228, 6, 450, 30, '2019-04-03', '2019-04-25'),
(229, 16, 432, 22, '2018-07-15', '2018-07-28'),
(230, 18, 403, 14, '2019-09-09', '2019-09-12'),
(231, 21, 371, 4, '2018-09-11', '2018-10-21'),
(232, 2, 306, 32, '2019-10-14', '2019-10-22'),
(233, 11, 394, 12, '2019-09-26', '2019-10-07'),
(234, 15, 447, 16, '2018-10-25', '2018-11-06'),
(235, 16, 470, 18, '2018-09-12', '2018-09-21'),
(236, 11, 184, 35, '2019-02-26', '2019-04-07'),
(237, 17, 194, 10, '2019-11-01', '2019-11-28'),
(238, 3, 461, 3, '2019-03-22', '2019-04-27'),
(239, 3, 191, 42, '2018-02-02', '2018-02-03'),
(240, 26, 434, 6, '2018-05-11', '2018-05-12'),
(241, 25, 292, 31, '2018-07-05', '2018-08-14'),
(242, 24, 440, 2, '2019-03-10', '2019-03-26'),
(243, 19, 174, 10, '2018-01-05', '2018-01-27'),
(244, 2, 315, 18, '2018-04-16', '2018-05-19'),
(245, 4, 336, 14, '2019-01-13', '2019-02-12'),
(246, 1, 480, 44, '2018-06-25', '2018-07-22'),
(247, 7, 206, 40, '2018-08-06', '2018-09-11'),
(248, 19, 317, 36, '2018-04-27', '2018-05-26'),
(249, 11, 2, 22, '2019-06-14', '2019-07-22'),
(250, 24, 176, 3, '2018-05-11', '2018-05-26'),
(251, 23, 435, 20, '2018-06-13', '2018-07-23'),
(252, 23, 320, 7, '2018-05-27', '2018-06-16'),
(253, 20, 58, 9, '2018-03-10', '2018-03-20'),
(254, 11, 83, 23, '2019-01-08', '2019-02-06'),
(255, 14, 330, 35, '2018-02-15', '2018-03-04'),
(256, 21, 141, 28, '2018-07-26', '2018-08-18'),
(257, 3, 282, 25, '2018-01-19', '2018-02-01'),
(258, 5, 253, 24, '2019-03-11', '2019-03-21'),
(259, 17, 101, 25, '2018-03-10', '2018-04-16'),
(260, 13, 287, 16, '2018-06-23', '2018-07-30'),
(261, 28, 457, 16, '2019-07-06', '2019-08-04'),
(262, 11, 211, 26, '2018-01-01', '2018-02-04'),
(263, 14, 112, 31, '2018-07-07', '2018-07-12'),
(264, 12, 292, 19, '2018-09-22', '2018-09-26'),
(265, 6, 42, 16, '2019-05-16', '2019-05-24'),
(266, 5, 452, 44, '2019-08-09', '2019-09-17'),
(267, 16, 371, 14, '2018-09-09', '2018-10-15'),
(268, 23, 76, 5, '2018-06-10', '2018-07-09'),
(269, 27, 26, 13, '2018-11-15', '2018-12-25'),
(270, 15, 62, 6, '2018-12-06', '2018-12-07'),
(271, 10, 499, 32, '2018-03-01', '2018-03-10'),
(272, 14, 186, 40, '2019-10-02', '2019-11-06'),
(273, 20, 189, 20, '2019-02-09', '2019-03-05'),
(274, 28, 58, 15, '2018-06-27', '2018-07-28'),
(275, 21, 102, 39, '2019-07-01', '2019-07-19'),
(276, 10, 481, 42, '2018-11-26', '2018-12-19'),
(277, 25, 229, 18, '2019-03-22', '2019-04-03'),
(278, 1, 92, 27, '2018-12-13', '2019-01-06'),
(279, 16, 227, 25, '2019-01-16', '2019-01-25'),
(280, 15, 334, 39, '2019-12-25', '2020-01-23'),
(281, 29, 112, 38, '2019-05-21', '2019-05-22'),
(282, 11, 403, 44, '2018-01-20', '2018-02-17'),
(283, 11, 98, 41, '2018-05-03', '2018-05-21'),
(284, 17, 22, 41, '2018-03-23', '2018-04-05'),
(285, 12, 425, 23, '2019-07-08', '2019-08-16'),
(286, 15, 454, 4, '2019-02-21', '2019-04-01'),
(287, 2, 310, 5, '2019-04-11', '2019-05-15'),
(288, 14, 27, 4, '2018-02-28', '2018-03-14'),
(289, 9, 144, 41, '2018-08-06', '2018-08-09'),
(290, 2, 250, 30, '2019-04-21', '2019-04-23'),
(291, 6, 413, 34, '2018-08-16', '2018-08-22'),
(292, 10, 123, 19, '2019-08-09', '2019-08-18'),
(293, 16, 376, 24, '2019-08-27', '2019-09-24'),
(294, 1, 75, 31, '2018-05-13', '2018-06-03'),
(295, 17, 452, 3, '2019-04-19', '2019-05-24'),
(296, 13, 288, 5, '2019-01-12', '2019-01-28'),
(297, 2, 418, 1, '2019-06-28', '2019-07-16'),
(298, 9, 258, 45, '2019-09-21', '2019-10-19'),
(299, 20, 55, 41, '2018-01-28', '2018-02-21'),
(300, 30, 459, 15, '2019-04-14', '2019-05-21'),
(301, 3, 26, 43, '2018-09-28', '2018-10-20'),
(302, 13, 373, 35, '2019-07-09', '2019-08-15'),
(303, 14, 326, 18, '2019-05-21', '2019-05-29'),
(304, 5, 251, 22, '2018-10-16', '2018-11-21'),
(305, 22, 1, 29, '2018-03-14', '2018-03-16'),
(306, 15, 435, 5, '2019-06-24', '2019-07-24'),
(307, 13, 334, 32, '2019-02-04', '2019-02-17'),
(308, 25, 390, 36, '2018-11-27', '2018-12-16'),
(309, 20, 32, 16, '2019-11-03', '2019-12-05'),
(310, 18, 274, 45, '2019-02-18', '2019-03-30'),
(311, 5, 153, 30, '2019-04-20', '2019-04-24'),
(312, 11, 13, 14, '2019-05-03', '2019-06-10'),
(313, 28, 300, 29, '2019-08-11', '2019-09-11'),
(314, 11, 449, 22, '2019-09-05', '2019-10-09'),
(315, 29, 210, 34, '2018-04-20', '2018-05-01'),
(316, 25, 343, 41, '2019-12-27', '2019-12-29'),
(317, 14, 67, 24, '2019-01-10', '2019-01-17'),
(318, 21, 227, 33, '2019-01-15', '2019-02-16'),
(319, 4, 31, 12, '2019-03-12', '2019-03-21'),
(320, 19, 308, 17, '2018-10-02', '2018-10-06'),
(321, 27, 259, 19, '2018-01-21', '2018-01-30'),
(322, 8, 58, 35, '2019-02-17', '2019-03-29'),
(323, 3, 433, 31, '2019-12-25', '2020-01-09'),
(324, 26, 416, 6, '2018-09-17', '2018-10-22'),
(325, 8, 205, 33, '2019-01-16', '2019-01-31'),
(326, 27, 136, 12, '2018-03-09', '2018-03-22'),
(327, 30, 80, 44, '2018-05-12', '2018-06-13'),
(328, 29, 456, 12, '2019-01-08', '2019-01-28'),
(329, 17, 333, 26, '2018-01-08', '2018-02-09'),
(330, 26, 49, 24, '2019-08-19', '2019-09-22'),
(331, 26, 76, 34, '2018-01-10', '2018-02-12'),
(332, 29, 346, 17, '2018-11-08', '2018-11-12'),
(333, 23, 484, 11, '2019-06-12', '2019-07-08'),
(334, 14, 412, 32, '2018-04-15', '2018-05-01'),
(335, 22, 487, 8, '2018-07-03', '2018-07-28'),
(336, 1, 337, 7, '2019-07-27', '2019-08-05'),
(337, 20, 80, 7, '2018-01-27', '2018-03-05'),
(338, 23, 456, 23, '2018-07-20', '2018-08-10'),
(339, 21, 232, 12, '2018-11-05', '2018-12-05'),
(340, 28, 157, 43, '2019-10-14', '2019-10-26'),
(341, 13, 422, 44, '2018-11-12', '2018-11-27'),
(342, 19, 404, 7, '2018-11-14', '2018-11-24'),
(343, 9, 200, 39, '2019-12-22', '2020-01-15'),
(344, 22, 182, 5, '2018-10-11', '2018-10-18'),
(345, 7, 398, 16, '2019-08-11', '2019-08-28'),
(346, 6, 328, 17, '2018-08-07', '2018-09-02'),
(347, 15, 437, 34, '2019-07-10', '2019-07-21'),
(348, 28, 16, 25, '2018-10-13', '2018-10-25'),
(349, 28, 444, 5, '2018-12-23', '2019-01-17'),
(350, 25, 353, 7, '2018-04-13', '2018-05-08'),
(351, 5, 190, 3, '2019-07-06', '2019-07-11'),
(352, 26, 357, 19, '2018-09-19', '2018-10-20'),
(353, 29, 436, 19, '2019-06-21', '2019-07-14'),
(354, 8, 197, 24, '2019-11-07', '2019-12-11'),
(355, 14, 456, 33, '2018-04-01', '2018-04-09'),
(356, 21, 68, 7, '2019-09-04', '2019-10-01'),
(357, 17, 162, 18, '2018-12-04', '2018-12-30'),
(358, 4, 368, 4, '2018-09-04', '2018-09-12'),
(359, 2, 248, 33, '2018-09-11', '2018-09-12'),
(360, 5, 73, 44, '2019-05-18', '2019-06-24'),
(361, 1, 441, 44, '2019-12-19', '2020-01-18'),
(362, 17, 462, 3, '2018-12-13', '2019-01-22'),
(363, 22, 458, 24, '2019-11-08', '2019-12-14'),
(364, 5, 166, 43, '2019-05-11', '2019-06-10'),
(365, 10, 32, 35, '2018-04-20', '2018-05-13'),
(366, 28, 255, 39, '2019-02-25', '2019-03-01'),
(367, 22, 332, 6, '2018-10-24', '2018-10-28'),
(368, 22, 262, 19, '2019-08-06', '2019-08-30'),
(369, 18, 256, 3, '2019-02-07', '2019-02-09'),
(370, 7, 368, 35, '2018-04-27', '2018-05-16'),
(371, 11, 404, 9, '2019-01-08', '2019-01-22'),
(372, 18, 48, 24, '2018-11-10', '2018-12-15'),
(373, 5, 436, 9, '2018-03-26', '2018-04-20'),
(374, 3, 214, 36, '2018-03-21', '2018-04-19'),
(375, 4, 355, 19, '2018-12-28', '2019-01-23'),
(376, 25, 275, 31, '2018-06-17', '2018-07-13'),
(377, 10, 394, 10, '2018-06-05', '2018-06-22'),
(378, 3, 293, 27, '2019-10-08', '2019-10-22'),
(379, 17, 170, 30, '2019-09-06', '2019-09-12'),
(380, 1, 212, 45, '2019-05-27', '2019-05-28'),
(381, 12, 290, 35, '2018-05-22', '2018-05-28'),
(382, 17, 470, 3, '2019-12-22', '2020-01-16'),
(383, 6, 131, 35, '2019-06-05', '2019-07-12'),
(384, 29, 457, 9, '2019-02-26', '2019-03-08'),
(385, 16, 165, 43, '2019-07-12', '2019-08-13'),
(386, 8, 448, 32, '2018-08-14', '2018-09-16'),
(387, 27, 477, 13, '2018-12-04', '2018-12-25'),
(388, 1, 185, 3, '2019-04-28', '2019-04-29'),
(389, 22, 103, 16, '2019-04-19', '2019-05-20'),
(390, 17, 24, 9, '2019-01-12', '2019-01-28'),
(391, 2, 463, 22, '2018-03-20', '2018-03-28'),
(392, 1, 79, 19, '2019-12-22', '2020-01-06'),
(393, 6, 281, 41, '2018-02-07', '2018-02-22'),
(394, 1, 271, 42, '2019-11-07', '2019-12-05'),
(395, 28, 400, 27, '2018-11-05', '2018-11-10'),
(396, 19, 165, 8, '2019-01-02', '2019-01-15'),
(397, 29, 470, 35, '2019-07-13', '2019-08-04'),
(398, 3, 495, 29, '2018-01-07', '2018-02-13'),
(399, 11, 412, 21, '2019-02-23', '2019-03-20'),
(400, 29, 430, 21, '2019-12-15', '2019-12-17'),
(401, 30, 231, 32, '2019-08-19', '2019-09-20'),
(402, 6, 13, 16, '2018-05-27', '2018-06-25'),
(403, 4, 498, 40, '2019-10-24', '2019-11-10'),
(404, 17, 128, 37, '2019-03-22', '2019-04-22'),
(405, 22, 390, 2, '2019-02-27', '2019-03-29'),
(406, 13, 59, 22, '2019-04-23', '2019-05-02'),
(407, 28, 483, 7, '2019-02-23', '2019-03-01'),
(408, 18, 359, 35, '2018-03-21', '2018-04-05'),
(409, 7, 484, 33, '2019-06-23', '2019-07-01'),
(410, 23, 336, 17, '2019-11-24', '2019-12-23'),
(411, 5, 362, 35, '2018-01-11', '2018-02-18'),
(412, 14, 213, 12, '2018-11-14', '2018-12-20'),
(413, 2, 216, 25, '2018-05-26', '2018-06-03'),
(414, 20, 143, 3, '2018-12-14', '2018-12-25'),
(415, 18, 171, 9, '2019-09-17', '2019-10-10'),
(416, 6, 284, 32, '2018-05-13', '2018-05-25'),
(417, 12, 160, 22, '2019-01-06', '2019-02-06'),
(418, 9, 89, 2, '2018-03-16', '2018-04-17'),
(419, 15, 175, 32, '2019-04-09', '2019-04-14'),
(420, 17, 319, 15, '2019-05-17', '2019-06-12'),
(421, 24, 329, 33, '2018-03-11', '2018-04-16'),
(422, 26, 44, 12, '2019-11-28', '2019-12-08'),
(423, 15, 286, 36, '2019-11-21', '2019-12-17'),
(424, 2, 478, 8, '2019-03-26', '2019-04-23'),
(425, 23, 269, 11, '2018-12-27', '2019-01-14'),
(426, 15, 415, 39, '2018-04-28', '2018-05-04'),
(427, 19, 415, 21, '2019-07-26', '2019-09-04'),
(428, 28, 388, 35, '2018-11-12', '2018-12-09'),
(429, 7, 455, 2, '2018-09-10', '2018-09-23'),
(430, 7, 55, 37, '2019-12-03', '2019-12-11'),
(431, 10, 412, 12, '2019-06-12', '2019-07-07'),
(432, 3, 308, 13, '2019-12-13', '2020-01-10'),
(433, 28, 226, 5, '2019-12-16', '2019-12-19'),
(434, 22, 123, 30, '2019-11-16', '2019-11-23'),
(435, 16, 492, 26, '2019-11-23', '2019-11-26'),
(436, 11, 73, 36, '2018-12-09', '2018-12-13'),
(437, 26, 160, 24, '2018-06-14', '2018-06-27'),
(438, 18, 120, 13, '2019-05-14', '2019-05-28'),
(439, 6, 200, 1, '2019-10-12', '2019-10-28'),
(440, 4, 77, 2, '2019-03-06', '2019-04-10'),
(441, 14, 164, 17, '2019-04-07', '2019-04-30'),
(442, 15, 437, 26, '2018-04-26', '2018-05-28'),
(443, 1, 63, 2, '2019-10-22', '2019-11-26'),
(444, 22, 358, 3, '2018-08-06', '2018-08-21'),
(445, 2, 345, 34, '2018-11-14', '2018-11-19'),
(446, 27, 10, 15, '2019-05-02', '2019-05-06'),
(447, 12, 369, 18, '2019-09-08', '2019-09-20'),
(448, 10, 344, 4, '2018-01-04', '2018-01-20'),
(449, 3, 192, 38, '2019-04-06', '2019-04-18'),
(450, 12, 259, 12, '2018-12-11', '2018-12-30'),
(451, 26, 152, 19, '2018-10-27', '2018-11-18'),
(452, 8, 382, 37, '2018-05-27', '2018-06-04'),
(453, 4, 118, 23, '2019-04-10', '2019-04-12'),
(454, 8, 495, 26, '2019-11-08', '2019-12-10'),
(455, 19, 54, 10, '2018-05-28', '2018-05-30'),
(456, 21, 352, 35, '2018-09-02', '2018-10-01'),
(457, 7, 23, 38, '2018-11-10', '2018-12-09'),
(458, 6, 380, 28, '2019-01-13', '2019-01-16'),
(459, 17, 11, 6, '2018-02-20', '2018-03-22'),
(460, 3, 41, 22, '2019-04-19', '2019-05-15'),
(461, 9, 306, 4, '2018-08-02', '2018-08-26'),
(462, 2, 58, 35, '2018-02-01', '2018-02-28'),
(463, 22, 473, 21, '2019-06-04', '2019-06-11'),
(464, 26, 61, 40, '2019-05-23', '2019-05-29'),
(465, 21, 342, 42, '2019-11-05', '2019-11-14'),
(466, 3, 191, 11, '2019-06-11', '2019-06-19'),
(467, 5, 500, 42, '2019-08-18', '2019-08-30'),
(468, 23, 76, 2, '2018-02-06', '2018-02-12'),
(469, 17, 424, 44, '2019-12-20', '2020-01-01'),
(470, 23, 452, 14, '2018-04-22', '2018-04-24'),
(471, 3, 338, 38, '2018-04-19', '2018-05-08'),
(472, 20, 185, 45, '2019-08-11', '2019-08-27'),
(473, 20, 150, 27, '2019-08-23', '2019-09-15'),
(474, 28, 312, 7, '2019-06-12', '2019-06-23'),
(475, 6, 362, 27, '2018-01-04', '2018-02-01'),
(476, 9, 147, 25, '2018-10-28', '2018-10-29'),
(477, 24, 9, 45, '2018-10-05', '2018-11-03'),
(478, 29, 42, 9, '2019-03-04', '2019-04-03'),
(479, 28, 263, 9, '2019-04-14', '2019-05-16'),
(480, 30, 51, 1, '2018-09-02', '2018-09-09'),
(481, 14, 465, 16, '2018-01-22', '2018-02-15'),
(482, 16, 135, 34, '2019-06-22', '2019-07-19'),
(483, 22, 64, 1, '2018-05-05', '2018-05-09'),
(484, 10, 238, 22, '2018-12-27', '2019-02-04'),
(485, 6, 55, 45, '2019-03-08', '2019-03-25'),
(486, 28, 81, 1, '2019-03-07', '2019-03-09'),
(487, 17, 387, 38, '2018-07-19', '2018-08-03'),
(488, 12, 285, 31, '2019-04-24', '2019-04-26'),
(489, 27, 145, 24, '2018-07-02', '2018-07-15'),
(490, 29, 158, 34, '2018-04-15', '2018-05-08'),
(491, 6, 207, 21, '2018-05-05', '2018-06-06'),
(492, 16, 64, 45, '2019-02-27', '2019-03-06'),
(493, 3, 276, 13, '2018-10-12', '2018-10-17'),
(494, 22, 485, 9, '2018-10-07', '2018-10-12'),
(495, 6, 2, 11, '2018-12-21', '2019-01-26'),
(496, 25, 85, 16, '2018-09-15', '2018-10-19'),
(497, 18, 373, 14, '2018-12-04', '2019-01-01'),
(498, 18, 208, 31, '2018-08-12', '2018-09-11'),
(499, 16, 340, 4, '2018-08-02', '2018-08-13'),
(500, 27, 238, 44, '2018-12-23', '2019-01-03'),
(501, 4, 118, 11, '2018-03-22', '2018-04-24'),
(502, 6, 130, 24, '2019-01-18', '2019-02-07'),
(503, 17, 41, 6, '2019-07-15', '2019-08-01'),
(504, 1, 476, 42, '2019-01-26', '2019-03-05'),
(505, 30, 471, 17, '2019-12-13', '2020-01-08'),
(506, 27, 262, 26, '2018-10-20', '2018-11-17'),
(507, 27, 355, 22, '2019-11-27', '2019-12-11'),
(508, 26, 45, 40, '2018-03-27', '2018-04-23'),
(509, 28, 443, 20, '2018-03-04', '2018-03-12'),
(510, 3, 273, 20, '2019-09-08', '2019-09-18'),
(511, 13, 293, 31, '2018-11-15', '2018-12-12'),
(512, 24, 58, 40, '2018-11-03', '2018-12-03'),
(513, 15, 344, 13, '2018-07-27', '2018-08-31'),
(514, 19, 274, 25, '2018-11-15', '2018-12-23'),
(515, 28, 91, 28, '2019-11-22', '2019-12-29'),
(516, 12, 426, 9, '2018-11-06', '2018-11-25'),
(517, 3, 263, 29, '2018-02-15', '2018-03-12'),
(518, 7, 418, 21, '2018-11-23', '2018-12-08'),
(519, 19, 411, 31, '2019-08-09', '2019-09-11'),
(520, 12, 286, 33, '2019-05-05', '2019-05-31'),
(521, 11, 30, 11, '2018-06-17', '2018-06-24'),
(522, 9, 421, 35, '2019-01-05', '2019-02-13'),
(523, 5, 106, 29, '2019-10-05', '2019-10-26'),
(524, 7, 464, 43, '2018-12-20', '2019-01-10'),
(525, 29, 309, 19, '2018-03-17', '2018-04-26'),
(526, 19, 313, 26, '2018-08-21', '2018-09-05'),
(527, 19, 237, 6, '2018-03-26', '2018-04-18'),
(528, 17, 72, 37, '2018-05-02', '2018-05-05'),
(529, 30, 30, 41, '2018-05-12', '2018-06-21'),
(530, 25, 147, 6, '2018-01-19', '2018-02-12'),
(531, 24, 82, 36, '2019-09-05', '2019-09-17'),
(532, 12, 86, 19, '2018-06-18', '2018-07-03'),
(533, 12, 346, 42, '2019-02-08', '2019-03-20'),
(534, 24, 164, 22, '2019-08-24', '2019-09-05'),
(535, 15, 469, 32, '2018-06-12', '2018-07-21'),
(536, 6, 251, 12, '2019-10-21', '2019-11-07'),
(537, 26, 373, 16, '2019-04-10', '2019-05-06'),
(538, 23, 274, 30, '2018-01-18', '2018-02-18'),
(539, 26, 314, 29, '2018-02-23', '2018-02-26'),
(540, 6, 464, 37, '2018-12-11', '2018-12-26'),
(541, 18, 371, 27, '2019-04-02', '2019-04-09'),
(542, 11, 492, 19, '2019-05-07', '2019-05-30'),
(543, 26, 117, 27, '2019-07-02', '2019-07-03'),
(544, 27, 193, 22, '2018-05-03', '2018-05-31'),
(545, 22, 445, 8, '2019-02-01', '2019-03-06'),
(546, 15, 328, 1, '2019-09-03', '2019-09-17'),
(547, 2, 475, 5, '2019-07-16', '2019-08-10'),
(548, 29, 409, 25, '2018-05-11', '2018-05-26'),
(549, 5, 395, 34, '2018-11-13', '2018-12-18'),
(550, 14, 185, 27, '2019-10-21', '2019-11-10'),
(551, 20, 308, 8, '2019-07-02', '2019-07-29'),
(552, 19, 204, 16, '2018-06-09', '2018-06-23'),
(553, 5, 253, 9, '2018-01-21', '2018-01-31'),
(554, 15, 58, 18, '2019-10-28', '2019-11-05'),
(555, 18, 268, 5, '2018-02-24', '2018-03-06'),
(556, 23, 227, 34, '2018-11-01', '2018-11-05'),
(557, 3, 119, 1, '2019-05-21', '2019-06-27'),
(558, 29, 6, 29, '2018-01-23', '2018-03-03'),
(559, 7, 439, 34, '2018-09-06', '2018-10-16'),
(560, 22, 206, 38, '2018-07-08', '2018-08-01'),
(561, 7, 43, 19, '2018-10-12', '2018-11-09'),
(562, 19, 243, 31, '2018-03-08', '2018-03-11'),
(563, 22, 268, 44, '2018-05-28', '2018-07-05'),
(564, 16, 171, 9, '2018-04-06', '2018-04-14'),
(565, 15, 282, 20, '2019-01-03', '2019-01-09'),
(566, 28, 372, 29, '2018-01-25', '2018-02-22'),
(567, 13, 27, 23, '2018-09-24', '2018-10-26'),
(568, 23, 56, 45, '2019-03-25', '2019-03-27'),
(569, 25, 162, 32, '2019-12-21', '2020-01-18'),
(570, 11, 207, 32, '2018-01-21', '2018-02-20'),
(571, 15, 369, 18, '2018-10-11', '2018-11-01'),
(572, 25, 105, 15, '2018-07-28', '2018-08-06'),
(573, 13, 450, 1, '2018-04-19', '2018-05-25'),
(574, 23, 263, 11, '2019-03-01', '2019-03-02'),
(575, 6, 309, 18, '2019-06-08', '2019-07-04'),
(576, 30, 357, 31, '2019-03-04', '2019-03-13'),
(577, 18, 164, 10, '2018-02-28', '2018-03-22'),
(578, 26, 176, 33, '2018-05-12', '2018-06-18'),
(579, 4, 106, 1, '2018-08-12', '2018-08-17'),
(580, 15, 359, 39, '2019-06-03', '2019-07-04'),
(581, 1, 137, 4, '2018-09-06', '2018-09-21'),
(582, 5, 143, 12, '2019-03-14', '2019-04-14'),
(583, 15, 452, 41, '2018-05-25', '2018-06-14'),
(584, 30, 191, 39, '2019-07-17', '2019-07-24'),
(585, 21, 95, 40, '2019-02-15', '2019-03-04'),
(586, 25, 300, 3, '2019-04-24', '2019-04-28'),
(587, 22, 268, 40, '2019-05-11', '2019-06-13'),
(588, 30, 438, 10, '2018-07-27', '2018-08-08'),
(589, 29, 293, 36, '2018-08-09', '2018-09-05'),
(590, 27, 102, 4, '2018-02-26', '2018-03-21'),
(591, 5, 312, 12, '2019-09-21', '2019-10-02'),
(592, 22, 379, 36, '2018-10-07', '2018-10-21'),
(593, 25, 84, 4, '2018-07-07', '2018-07-15'),
(594, 14, 262, 36, '2019-05-19', '2019-06-23'),
(595, 14, 318, 44, '2018-03-01', '2018-03-17'),
(596, 12, 233, 41, '2018-01-10', '2018-02-10'),
(597, 9, 250, 9, '2019-03-21', '2019-03-22'),
(598, 28, 18, 41, '2018-06-11', '2018-06-19'),
(599, 28, 218, 20, '2018-11-21', '2018-12-05'),
(600, 16, 263, 19, '2019-02-01', '2019-02-19'),
(601, 8, 333, 14, '2018-04-24', '2018-05-26'),
(602, 15, 206, 13, '2019-01-11', '2019-01-16'),
(603, 19, 129, 35, '2018-02-23', '2018-03-20'),
(604, 25, 179, 30, '2019-07-12', '2019-08-21'),
(605, 30, 234, 21, '2018-09-12', '2018-09-13'),
(606, 14, 226, 32, '2018-12-18', '2019-01-09'),
(607, 14, 309, 8, '2019-11-27', '2019-12-24'),
(608, 25, 151, 35, '2019-10-14', '2019-11-12'),
(609, 7, 339, 42, '2018-08-27', '2018-09-06'),
(610, 23, 36, 17, '2019-10-03', '2019-10-31'),
(611, 28, 291, 15, '2018-11-02', '2018-11-18'),
(612, 5, 405, 45, '2019-01-13', '2019-01-15'),
(613, 19, 231, 39, '2019-03-18', '2019-04-12'),
(614, 20, 231, 40, '2019-05-26', '2019-07-03'),
(615, 29, 171, 26, '2018-01-14', '2018-02-20'),
(616, 1, 327, 28, '2018-11-01', '2018-11-18'),
(617, 15, 185, 37, '2018-05-16', '2018-06-24'),
(618, 26, 197, 24, '2019-09-15', '2019-09-30'),
(619, 7, 43, 15, '2018-09-27', '2018-10-16'),
(620, 23, 363, 13, '2019-12-10', '2019-12-15'),
(621, 22, 74, 27, '2018-08-21', '2018-09-28'),
(622, 5, 482, 1, '2018-11-15', '2018-12-25'),
(623, 25, 2, 35, '2019-04-18', '2019-05-04'),
(624, 8, 455, 29, '2018-01-26', '2018-02-06'),
(625, 27, 398, 8, '2019-10-07', '2019-10-13'),
(626, 14, 97, 7, '2019-04-25', '2019-05-27'),
(627, 14, 485, 27, '2018-09-17', '2018-10-14'),
(628, 4, 327, 7, '2019-08-05', '2019-08-13'),
(629, 10, 11, 15, '2019-11-17', '2019-12-06'),
(630, 23, 475, 43, '2018-07-12', '2018-08-07'),
(631, 22, 302, 4, '2018-12-25', '2019-01-16'),
(632, 28, 242, 31, '2018-03-27', '2018-05-03'),
(633, 26, 22, 45, '2019-05-05', '2019-06-08'),
(634, 8, 283, 29, '2019-03-17', '2019-03-25'),
(635, 9, 370, 39, '2018-09-26', '2018-10-16'),
(636, 8, 318, 26, '2019-12-18', '2019-12-27'),
(637, 29, 98, 12, '2018-12-11', '2019-01-15'),
(638, 20, 68, 31, '2018-03-16', '2018-04-23'),
(639, 10, 274, 2, '2018-09-16', '2018-09-28'),
(640, 7, 261, 10, '2019-12-10', '2020-01-16'),
(641, 20, 376, 14, '2019-02-02', '2019-02-04'),
(642, 13, 44, 33, '2018-08-02', '2018-08-08'),
(643, 4, 129, 19, '2019-11-17', '2019-11-18'),
(644, 30, 56, 14, '2018-03-22', '2018-04-05'),
(645, 20, 132, 14, '2019-10-26', '2019-11-21'),
(646, 13, 42, 27, '2018-05-26', '2018-06-01'),
(647, 27, 457, 44, '2019-09-19', '2019-10-03'),
(648, 14, 377, 44, '2019-01-25', '2019-02-04'),
(649, 14, 374, 36, '2018-09-23', '2018-11-01'),
(650, 8, 444, 19, '2019-07-22', '2019-08-13'),
(651, 26, 376, 45, '2018-02-03', '2018-02-04'),
(652, 23, 15, 8, '2018-05-11', '2018-05-29'),
(653, 11, 367, 18, '2018-08-12', '2018-09-01'),
(654, 5, 47, 36, '2019-03-12', '2019-04-19'),
(655, 17, 396, 15, '2018-12-20', '2018-12-28'),
(656, 17, 496, 8, '2018-01-06', '2018-01-14'),
(657, 29, 432, 38, '2018-03-25', '2018-04-28'),
(658, 15, 469, 2, '2019-09-10', '2019-09-24'),
(659, 26, 244, 33, '2018-12-24', '2019-01-27'),
(660, 13, 309, 28, '2018-02-02', '2018-03-05'),
(661, 21, 365, 40, '2018-09-20', '2018-10-19'),
(662, 23, 255, 39, '2019-09-10', '2019-09-27'),
(663, 5, 123, 6, '2018-12-27', '2019-01-23'),
(664, 10, 264, 27, '2018-05-10', '2018-05-28'),
(665, 8, 55, 44, '2018-10-06', '2018-10-17'),
(666, 17, 2, 14, '2019-05-16', '2019-06-20'),
(667, 28, 388, 36, '2019-01-16', '2019-02-19'),
(668, 17, 235, 4, '2018-10-22', '2018-11-03'),
(669, 10, 440, 12, '2018-09-26', '2018-09-28'),
(670, 29, 195, 45, '2018-08-24', '2018-09-14'),
(671, 24, 180, 4, '2018-06-25', '2018-07-20'),
(672, 20, 420, 41, '2018-11-15', '2018-11-19'),
(673, 16, 82, 10, '2019-01-17', '2019-01-22'),
(674, 25, 266, 13, '2019-08-28', '2019-09-24'),
(675, 13, 189, 15, '2018-10-21', '2018-11-21'),
(676, 9, 171, 8, '2018-12-12', '2018-12-21'),
(677, 8, 10, 5, '2019-04-20', '2019-05-10'),
(678, 20, 460, 13, '2019-06-19', '2019-07-26'),
(679, 20, 283, 23, '2019-09-02', '2019-09-07'),
(680, 3, 328, 24, '2019-04-01', '2019-04-05'),
(681, 21, 438, 20, '2018-05-12', '2018-06-01'),
(682, 11, 260, 5, '2018-06-18', '2018-07-14'),
(683, 9, 317, 45, '2018-11-15', '2018-11-26'),
(684, 22, 428, 7, '2019-02-11', '2019-03-23'),
(685, 18, 341, 4, '2018-12-13', '2019-01-08'),
(686, 26, 111, 4, '2019-11-19', '2019-11-22'),
(687, 6, 467, 39, '2019-12-22', '2020-01-31'),
(688, 22, 10, 13, '2019-12-04', '2020-01-08'),
(689, 3, 387, 4, '2019-04-17', '2019-05-21'),
(690, 13, 86, 2, '2018-02-05', '2018-02-07'),
(691, 16, 114, 11, '2019-01-16', '2019-02-25'),
(692, 23, 99, 10, '2019-09-01', '2019-09-25'),
(693, 9, 385, 28, '2019-07-05', '2019-07-12'),
(694, 19, 472, 4, '2019-04-25', '2019-06-01'),
(695, 15, 370, 5, '2018-11-01', '2018-12-05'),
(696, 18, 220, 37, '2018-05-24', '2018-05-25'),
(697, 12, 311, 39, '2018-10-03', '2018-10-31'),
(698, 18, 453, 27, '2019-04-21', '2019-04-29'),
(699, 21, 246, 23, '2018-05-02', '2018-05-22'),
(700, 11, 476, 19, '2019-08-14', '2019-08-23'),
(701, 8, 266, 15, '2018-01-22', '2018-02-16'),
(702, 15, 48, 10, '2019-12-28', '2020-01-24'),
(703, 11, 197, 5, '2019-06-26', '2019-07-17'),
(704, 15, 30, 29, '2019-04-22', '2019-05-14'),
(705, 12, 241, 21, '2018-06-21', '2018-07-09'),
(706, 13, 460, 17, '2018-12-20', '2019-01-08'),
(707, 8, 214, 3, '2018-10-22', '2018-11-11'),
(708, 10, 499, 21, '2018-01-24', '2018-02-06'),
(709, 11, 401, 26, '2018-09-22', '2018-10-11'),
(710, 30, 116, 17, '2019-01-11', '2019-01-23'),
(711, 7, 11, 15, '2019-09-15', '2019-10-18'),
(712, 30, 193, 21, '2018-10-14', '2018-11-17'),
(713, 29, 236, 26, '2019-11-01', '2019-12-01'),
(714, 4, 498, 14, '2019-06-08', '2019-06-11'),
(715, 29, 145, 19, '2019-10-22', '2019-11-13'),
(716, 29, 249, 13, '2018-03-27', '2018-04-16'),
(717, 24, 294, 4, '2019-06-25', '2019-07-13'),
(718, 4, 498, 34, '2019-08-10', '2019-09-11'),
(719, 6, 269, 14, '2018-12-26', '2019-01-03'),
(720, 6, 374, 35, '2019-09-25', '2019-09-30'),
(721, 5, 62, 27, '2018-11-25', '2018-12-14'),
(722, 8, 175, 10, '2018-03-05', '2018-04-07'),
(723, 15, 394, 24, '2018-01-21', '2018-02-07'),
(724, 29, 126, 17, '2019-02-02', '2019-03-04'),
(725, 13, 381, 25, '2018-06-14', '2018-06-22'),
(726, 16, 481, 12, '2018-02-22', '2018-02-25'),
(727, 1, 117, 41, '2019-02-27', '2019-03-09'),
(728, 1, 77, 12, '2019-01-11', '2019-02-09'),
(729, 7, 443, 3, '2019-02-22', '2019-02-25'),
(730, 16, 187, 34, '2019-06-15', '2019-07-08'),
(731, 27, 349, 33, '2019-04-28', '2019-05-26'),
(732, 28, 49, 6, '2018-02-16', '2018-02-22'),
(733, 10, 318, 1, '2018-01-15', '2018-02-13'),
(734, 20, 423, 41, '2019-06-13', '2019-06-25'),
(735, 18, 156, 30, '2018-02-21', '2018-03-09'),
(736, 4, 296, 33, '2018-02-16', '2018-03-26'),
(737, 12, 373, 32, '2019-02-09', '2019-03-02'),
(738, 11, 296, 33, '2019-01-24', '2019-01-25'),
(739, 21, 142, 20, '2018-12-12', '2018-12-18'),
(740, 3, 26, 33, '2018-07-20', '2018-07-28'),
(741, 11, 8, 22, '2018-01-14', '2018-02-03'),
(742, 7, 200, 39, '2018-11-12', '2018-11-25'),
(743, 14, 133, 41, '2019-12-01', '2020-01-07'),
(744, 19, 94, 36, '2019-11-12', '2019-11-18'),
(745, 2, 9, 23, '2018-07-10', '2018-07-22'),
(746, 11, 353, 7, '2019-05-07', '2019-05-31'),
(747, 3, 93, 13, '2018-10-05', '2018-10-18'),
(748, 23, 366, 24, '2019-06-06', '2019-06-13'),
(749, 5, 307, 28, '2018-08-04', '2018-08-26'),
(750, 24, 425, 8, '2019-03-18', '2019-04-17'),
(751, 14, 189, 4, '2019-01-22', '2019-01-27'),
(752, 21, 432, 36, '2019-10-05', '2019-10-08'),
(753, 24, 441, 42, '2018-04-19', '2018-05-16'),
(754, 4, 93, 22, '2018-02-06', '2018-03-14'),
(755, 7, 350, 29, '2018-11-19', '2018-12-29'),
(756, 6, 283, 42, '2018-08-08', '2018-09-09'),
(757, 30, 194, 8, '2018-06-28', '2018-07-17'),
(758, 18, 177, 13, '2019-11-25', '2019-12-14'),
(759, 1, 163, 29, '2019-03-16', '2019-03-31'),
(760, 2, 203, 45, '2019-01-27', '2019-03-04'),
(761, 4, 101, 18, '2018-09-04', '2018-09-28'),
(762, 5, 59, 9, '2018-11-03', '2018-12-10'),
(763, 19, 242, 19, '2018-06-14', '2018-07-19'),
(764, 21, 431, 13, '2018-03-01', '2018-03-10'),
(765, 12, 461, 17, '2018-08-13', '2018-09-12'),
(766, 22, 44, 43, '2018-09-02', '2018-10-01'),
(767, 1, 241, 3, '2019-08-25', '2019-09-15'),
(768, 7, 372, 26, '2018-10-08', '2018-11-12'),
(769, 17, 283, 35, '2019-11-11', '2019-12-02'),
(770, 12, 149, 36, '2019-10-11', '2019-10-14'),
(771, 1, 319, 42, '2019-04-01', '2019-04-19'),
(772, 15, 121, 23, '2019-01-01', '2019-01-21'),
(773, 6, 305, 5, '2019-04-01', '2019-05-03'),
(774, 26, 332, 39, '2019-11-27', '2019-12-14'),
(775, 8, 62, 41, '2019-05-03', '2019-05-12'),
(776, 28, 178, 30, '2019-10-08', '2019-11-16'),
(777, 18, 441, 31, '2018-01-28', '2018-02-01'),
(778, 2, 298, 43, '2019-07-15', '2019-07-26'),
(779, 24, 484, 8, '2019-07-07', '2019-07-26'),
(780, 22, 373, 24, '2018-02-19', '2018-02-27'),
(781, 12, 3, 18, '2018-06-20', '2018-07-01'),
(782, 19, 230, 11, '2018-08-18', '2018-09-12'),
(783, 3, 356, 3, '2018-10-02', '2018-10-05'),
(784, 20, 349, 27, '2019-07-04', '2019-07-05'),
(785, 13, 401, 11, '2018-01-10', '2018-01-19'),
(786, 6, 393, 37, '2019-03-25', '2019-04-25'),
(787, 22, 296, 4, '2018-01-01', '2018-01-05'),
(788, 2, 324, 32, '2019-08-07', '2019-08-27'),
(789, 3, 349, 5, '2019-04-17', '2019-05-06'),
(790, 29, 241, 12, '2019-05-20', '2019-06-24'),
(791, 26, 472, 16, '2019-01-03', '2019-01-21'),
(792, 16, 101, 7, '2018-10-07', '2018-11-12'),
(793, 5, 492, 31, '2019-06-02', '2019-06-11'),
(794, 30, 142, 7, '2018-06-23', '2018-06-24'),
(795, 7, 119, 31, '2018-08-01', '2018-08-28'),
(796, 18, 180, 20, '2018-07-05', '2018-08-08'),
(797, 15, 497, 12, '2018-07-15', '2018-07-20'),
(798, 18, 488, 19, '2018-09-20', '2018-10-18'),
(799, 8, 458, 28, '2018-07-20', '2018-08-03'),
(800, 19, 374, 24, '2019-06-05', '2019-06-30'),
(801, 2, 254, 21, '2019-12-21', '2020-01-28'),
(802, 11, 415, 16, '2018-12-04', '2018-12-14'),
(803, 19, 335, 31, '2019-08-03', '2019-09-05'),
(804, 21, 326, 2, '2018-07-06', '2018-07-24'),
(805, 4, 473, 41, '2019-07-01', '2019-07-22'),
(806, 27, 298, 18, '2018-05-08', '2018-06-12'),
(807, 14, 446, 18, '2019-02-24', '2019-04-02'),
(808, 24, 85, 2, '2018-06-24', '2018-07-06'),
(809, 25, 450, 43, '2018-11-08', '2018-11-24'),
(810, 11, 91, 12, '2019-08-15', '2019-09-03'),
(811, 17, 80, 22, '2018-09-11', '2018-10-12'),
(812, 21, 38, 24, '2018-11-23', '2018-12-03'),
(813, 7, 445, 30, '2019-04-07', '2019-05-12'),
(814, 3, 467, 22, '2018-09-24', '2018-10-22'),
(815, 22, 129, 2, '2018-02-07', '2018-03-01'),
(816, 1, 166, 18, '2018-10-26', '2018-10-31'),
(817, 1, 271, 38, '2018-05-21', '2018-06-15'),
(818, 26, 412, 7, '2019-11-23', '2019-11-30'),
(819, 4, 216, 22, '2018-10-11', '2018-10-26'),
(820, 22, 311, 20, '2018-10-10', '2018-10-11'),
(821, 4, 398, 26, '2018-07-25', '2018-08-10'),
(822, 27, 281, 43, '2019-12-07', '2020-01-10'),
(823, 28, 350, 38, '2018-12-27', '2019-01-21'),
(824, 2, 187, 33, '2018-11-05', '2018-12-11'),
(825, 14, 7, 30, '2019-04-20', '2019-05-25'),
(826, 9, 242, 2, '2019-02-08', '2019-03-17'),
(827, 23, 180, 15, '2018-03-07', '2018-04-03'),
(828, 28, 388, 38, '2018-04-14', '2018-05-16'),
(829, 1, 375, 29, '2018-04-11', '2018-04-29'),
(830, 13, 286, 19, '2018-12-18', '2019-01-25'),
(831, 13, 13, 6, '2018-02-21', '2018-04-02'),
(832, 20, 434, 10, '2018-05-18', '2018-06-08'),
(833, 10, 11, 33, '2019-06-27', '2019-08-02'),
(834, 16, 387, 28, '2019-12-13', '2019-12-18'),
(835, 16, 83, 15, '2019-10-26', '2019-11-06'),
(836, 12, 391, 18, '2018-01-22', '2018-02-21'),
(837, 4, 36, 11, '2018-12-21', '2019-01-30'),
(838, 2, 381, 2, '2018-01-03', '2018-01-29'),
(839, 3, 474, 34, '2018-09-08', '2018-10-01'),
(840, 4, 340, 11, '2019-06-25', '2019-07-04'),
(841, 27, 452, 39, '2019-02-23', '2019-03-06'),
(842, 7, 316, 29, '2019-05-13', '2019-06-08'),
(843, 13, 366, 32, '2019-04-26', '2019-05-04'),
(844, 14, 364, 45, '2018-11-03', '2018-12-10'),
(845, 13, 242, 43, '2019-04-16', '2019-05-23'),
(846, 26, 226, 22, '2019-02-09', '2019-03-03'),
(847, 23, 409, 22, '2018-03-25', '2018-04-21'),
(848, 16, 102, 45, '2019-08-07', '2019-08-31'),
(849, 3, 269, 3, '2019-04-15', '2019-05-24'),
(850, 3, 460, 11, '2019-02-05', '2019-02-09'),
(851, 10, 330, 33, '2018-01-15', '2018-01-22'),
(852, 7, 207, 5, '2019-02-08', '2019-03-16'),
(853, 2, 351, 29, '2018-02-10', '2018-03-15'),
(854, 13, 253, 25, '2018-10-14', '2018-11-12'),
(855, 30, 491, 36, '2018-10-15', '2018-10-25'),
(856, 10, 71, 5, '2018-12-26', '2019-01-19'),
(857, 17, 48, 7, '2018-05-15', '2018-06-05'),
(858, 12, 197, 7, '2018-06-04', '2018-06-16'),
(859, 19, 363, 45, '2019-01-17', '2019-02-17'),
(860, 5, 85, 31, '2018-04-20', '2018-05-07'),
(861, 1, 218, 42, '2018-04-14', '2018-05-23'),
(862, 18, 5, 45, '2018-01-19', '2018-02-10'),
(863, 27, 270, 8, '2019-03-02', '2019-03-18'),
(864, 30, 91, 22, '2018-10-24', '2018-11-28'),
(865, 25, 26, 6, '2019-07-24', '2019-08-22'),
(866, 17, 249, 44, '2019-02-14', '2019-03-02'),
(867, 25, 64, 7, '2019-03-06', '2019-04-07'),
(868, 29, 27, 20, '2019-04-19', '2019-05-10'),
(869, 8, 135, 19, '2019-12-17', '2020-01-05'),
(870, 11, 435, 10, '2018-06-26', '2018-07-03'),
(871, 29, 422, 34, '2019-09-17', '2019-10-16'),
(872, 6, 388, 24, '2019-05-02', '2019-06-03'),
(873, 30, 163, 19, '2018-02-06', '2018-03-16'),
(874, 15, 229, 36, '2018-03-28', '2018-03-30'),
(875, 15, 153, 33, '2018-01-21', '2018-02-16'),
(876, 15, 82, 34, '2018-08-24', '2018-09-05'),
(877, 4, 345, 33, '2018-02-20', '2018-03-24'),
(878, 25, 314, 37, '2019-01-14', '2019-01-31'),
(879, 22, 134, 24, '2018-02-05', '2018-02-17'),
(880, 5, 244, 12, '2019-06-13', '2019-07-21'),
(881, 30, 464, 23, '2018-03-18', '2018-03-31'),
(882, 14, 201, 8, '2019-08-09', '2019-09-11'),
(883, 6, 81, 27, '2018-06-26', '2018-06-27'),
(884, 16, 372, 31, '2018-07-03', '2018-07-11'),
(885, 12, 371, 8, '2019-04-21', '2019-05-25'),
(886, 3, 190, 39, '2019-07-27', '2019-08-03'),
(887, 30, 3, 20, '2018-12-26', '2019-01-22'),
(888, 11, 131, 18, '2019-02-27', '2019-03-19'),
(889, 9, 306, 5, '2018-09-11', '2018-10-19'),
(890, 3, 403, 13, '2018-02-05', '2018-02-16'),
(891, 25, 69, 8, '2018-11-24', '2018-12-24'),
(892, 16, 323, 11, '2018-07-19', '2018-08-10'),
(893, 12, 343, 41, '2019-09-19', '2019-10-04'),
(894, 20, 431, 28, '2019-02-09', '2019-02-26'),
(895, 4, 360, 3, '2018-07-09', '2018-08-11'),
(896, 10, 82, 38, '2018-05-20', '2018-06-22'),
(897, 12, 221, 45, '2018-03-08', '2018-04-13'),
(898, 5, 1, 2, '2018-08-26', '2018-10-05'),
(899, 18, 153, 30, '2018-08-18', '2018-09-07'),
(900, 18, 461, 14, '2019-02-06', '2019-02-22'),
(901, 28, 455, 10, '2018-02-20', '2018-02-23'),
(902, 29, 262, 22, '2018-03-01', '2018-03-17'),
(903, 4, 359, 42, '2019-04-17', '2019-05-01'),
(904, 30, 221, 38, '2018-06-25', '2018-06-26'),
(905, 28, 207, 26, '2018-04-21', '2018-05-08'),
(906, 22, 457, 39, '2019-06-07', '2019-06-17'),
(907, 12, 283, 42, '2018-02-21', '2018-03-01'),
(908, 20, 468, 25, '2018-01-23', '2018-02-22'),
(909, 21, 126, 29, '2019-12-26', '2020-01-24'),
(910, 19, 43, 3, '2019-10-24', '2019-11-30'),
(911, 2, 100, 4, '2019-11-24', '2019-12-12'),
(912, 9, 229, 3, '2019-02-01', '2019-02-14'),
(913, 10, 1, 7, '2019-03-22', '2019-04-08'),
(914, 7, 368, 42, '2019-12-08', '2020-01-13'),
(915, 8, 306, 9, '2018-10-16', '2018-10-27'),
(916, 4, 332, 19, '2019-04-12', '2019-05-22'),
(917, 28, 335, 7, '2018-10-02', '2018-10-10'),
(918, 9, 168, 30, '2018-06-16', '2018-07-25'),
(919, 18, 343, 10, '2019-11-04', '2019-12-07'),
(920, 25, 314, 9, '2018-10-22', '2018-10-26'),
(921, 10, 429, 10, '2019-10-05', '2019-10-20'),
(922, 4, 499, 9, '2018-10-08', '2018-11-07'),
(923, 23, 19, 36, '2018-01-19', '2018-01-20'),
(924, 22, 200, 2, '2018-09-01', '2018-09-30'),
(925, 13, 48, 8, '2018-11-18', '2018-12-19'),
(926, 30, 351, 14, '2018-01-27', '2018-02-03'),
(927, 5, 448, 24, '2018-07-20', '2018-07-21'),
(928, 27, 65, 18, '2018-06-23', '2018-07-29'),
(929, 21, 451, 9, '2019-05-27', '2019-05-30'),
(930, 3, 246, 6, '2018-08-13', '2018-08-27'),
(931, 26, 106, 11, '2018-05-28', '2018-05-30'),
(932, 11, 83, 38, '2019-11-18', '2019-12-18'),
(933, 9, 33, 11, '2019-09-20', '2019-10-06'),
(934, 17, 112, 3, '2018-06-27', '2018-07-25'),
(935, 28, 26, 10, '2018-05-28', '2018-07-01'),
(936, 26, 91, 31, '2018-05-18', '2018-06-15'),
(937, 30, 239, 22, '2018-04-07', '2018-05-15'),
(938, 3, 304, 22, '2018-03-06', '2018-03-31'),
(939, 10, 473, 3, '2019-06-05', '2019-06-07'),
(940, 18, 101, 30, '2018-05-09', '2018-05-19'),
(941, 21, 126, 40, '2018-05-21', '2018-06-11'),
(942, 11, 392, 41, '2018-02-22', '2018-03-21'),
(943, 23, 70, 30, '2018-08-23', '2018-09-15'),
(944, 19, 429, 27, '2018-07-28', '2018-08-01'),
(945, 5, 202, 23, '2018-11-27', '2018-12-11'),
(946, 30, 309, 26, '2018-10-04', '2018-10-22'),
(947, 5, 140, 3, '2019-04-11', '2019-04-20'),
(948, 19, 294, 11, '2019-03-22', '2019-04-07'),
(949, 5, 397, 28, '2019-12-02', '2020-01-10'),
(950, 20, 5, 1, '2019-09-04', '2019-09-10'),
(951, 2, 471, 14, '2018-12-11', '2019-01-09'),
(952, 14, 374, 42, '2019-10-03', '2019-11-12'),
(953, 27, 414, 38, '2019-11-21', '2019-11-24'),
(954, 10, 97, 27, '2019-11-16', '2019-12-07'),
(955, 10, 310, 26, '2019-05-19', '2019-06-20'),
(956, 15, 188, 22, '2019-03-26', '2019-03-30'),
(957, 22, 89, 22, '2019-02-07', '2019-03-08'),
(958, 10, 130, 38, '2019-03-25', '2019-04-10'),
(959, 30, 284, 35, '2019-05-12', '2019-05-23'),
(960, 7, 169, 2, '2018-01-19', '2018-02-04'),
(961, 6, 115, 13, '2018-07-09', '2018-07-23'),
(962, 20, 242, 24, '2019-08-16', '2019-08-25'),
(963, 6, 13, 15, '2019-08-21', '2019-09-08'),
(964, 25, 397, 45, '2019-04-08', '2019-04-24'),
(965, 26, 204, 13, '2019-11-23', '2019-12-04'),
(966, 15, 320, 27, '2018-06-11', '2018-06-27'),
(967, 4, 301, 24, '2019-01-23', '2019-02-25'),
(968, 13, 268, 19, '2018-08-10', '2018-08-30'),
(969, 25, 491, 11, '2018-10-02', '2018-11-07'),
(970, 30, 18, 37, '2018-11-16', '2018-12-15'),
(971, 10, 468, 35, '2018-12-07', '2018-12-25'),
(972, 22, 476, 12, '2019-08-17', '2019-08-18'),
(973, 21, 112, 6, '2018-03-22', '2018-04-25'),
(974, 11, 139, 23, '2019-09-01', '2019-10-02'),
(975, 13, 63, 29, '2018-05-06', '2018-05-21'),
(976, 30, 313, 18, '2019-10-14', '2019-11-23'),
(977, 1, 252, 30, '2018-09-10', '2018-10-03'),
(978, 14, 176, 10, '2018-06-12', '2018-07-04'),
(979, 5, 389, 31, '2018-12-02', '2019-01-06'),
(980, 28, 349, 10, '2018-10-20', '2018-11-29'),
(981, 23, 237, 1, '2018-02-11', '2018-03-17'),
(982, 28, 46, 42, '2019-04-02', '2019-04-14'),
(983, 3, 305, 26, '2018-02-02', '2018-02-04'),
(984, 28, 39, 33, '2018-10-26', '2018-11-20'),
(985, 23, 237, 10, '2018-01-05', '2018-01-08'),
(986, 26, 410, 26, '2019-09-16', '2019-10-10'),
(987, 10, 210, 17, '2019-11-26', '2019-12-28'),
(988, 26, 101, 23, '2019-11-03', '2019-11-28'),
(989, 22, 99, 32, '2018-09-06', '2018-09-22'),
(990, 10, 9, 26, '2019-03-04', '2019-03-05'),
(991, 18, 32, 10, '2019-10-12', '2019-10-13'),
(992, 5, 373, 44, '2018-10-26', '2018-11-07'),
(993, 24, 345, 22, '2018-01-14', '2018-01-24'),
(994, 1, 477, 38, '2019-02-23', '2019-03-10'),
(995, 8, 243, 21, '2018-10-25', '2018-11-09'),
(996, 25, 384, 6, '2019-10-09', '2019-10-16'),
(997, 11, 29, 11, '2019-02-03', '2019-03-07'),
(998, 16, 121, 15, '2018-12-02', '2018-12-18'),
(999, 17, 160, 4, '2019-11-04', '2019-11-09'),
(1000, 25, 364, 35, '2019-11-26', '2019-12-14');
